-- Product Data Explorer - Database Import
-- Generated from SQLite export
-- Total: 108 navigation, 108 categories, 329 products

-- Disable triggers and constraints for faster import
SET session_replication_role = 'replica';


-- Import Navigation (108 items)
INSERT INTO navigation (id, title, slug, url, "lastScrapedAt", "createdAt", "updatedAt") VALUES
(1, 'Sale', 'uk-sale', 'https://www.worldofbooks.com/collections/us-sale', '2026-01-06 17:22:47.213', '2026-01-06 17:22:47', '2026-01-06 17:22:47'),
(2, 'Fiction Books', 'fiction', 'https://www.worldofbooks.com/pages/fiction', '2026-01-06 17:22:47.265', '2026-01-06 17:22:47', '2026-01-06 17:22:47'),
(3, 'All Fiction Books', 'fiction-books', 'https://www.worldofbooks.com/collections/fiction-books', '2026-01-06 17:22:47.307', '2026-01-06 17:22:47', '2026-01-06 17:22:47'),
(4, 'Crime & Mystery', 'crime-and-mystery-books', 'https://www.worldofbooks.com/collections/crime-and-mystery-books', '2026-01-06 17:22:47.344', '2026-01-06 17:22:47', '2026-01-06 17:22:47'),
(5, 'Fantasy', 'fantasy-fiction-books', 'https://www.worldofbooks.com/collections/fantasy-fiction-books', '2026-01-06 17:22:47.380', '2026-01-06 17:22:47', '2026-01-06 17:22:47'),
(6, 'Modern Fiction', 'modern-fiction-books', 'https://www.worldofbooks.com/collections/modern-fiction-books', '2026-01-06 17:22:47.414', '2026-01-06 17:22:47', '2026-01-06 17:22:47'),
(7, 'Romance', 'romance-books', 'https://www.worldofbooks.com/collections/romance-books', '2026-01-06 17:22:47.446', '2026-01-06 17:22:47', '2026-01-06 17:22:47'),
(8, 'Adventure', 'adventure-books', 'https://www.worldofbooks.com/collections/adventure-books', '2026-01-06 17:22:47.477', '2026-01-06 17:22:47', '2026-01-06 17:22:47'),
(9, 'Thriller & Suspense', 'thriller-and-suspense-books', 'https://www.worldofbooks.com/collections/thriller-and-suspense-books', '2026-01-06 17:22:47.508', '2026-01-06 17:22:47', '2026-01-06 17:22:47'),
(10, 'Classic Fiction', 'classic-fiction-books', 'https://www.worldofbooks.com/collections/classic-fiction-books', '2026-01-06 17:22:47.537', '2026-01-06 17:22:47', '2026-01-06 17:22:47'),
(11, 'Erotic Fiction', 'erotic-fiction-books', 'https://www.worldofbooks.com/collections/erotic-fiction-books', '2026-01-06 17:22:47.567', '2026-01-06 17:22:47', '2026-01-06 17:22:47'),
(12, 'Fiction-Related Items', 'fiction-related-items-books', 'https://www.worldofbooks.com/collections/fiction-related-items-books', '2026-01-06 17:22:47.599', '2026-01-06 17:22:47', '2026-01-06 17:22:47'),
(13, 'Anthologies & Short Stories', 'fiction-special-features-books', 'https://www.worldofbooks.com/collections/fiction-special-features-books', '2026-01-06 17:22:47.674', '2026-01-06 17:22:47', '2026-01-06 17:22:47'),
(14, 'Graphic Novels', 'graphic-novels-and-comic-books', 'https://www.worldofbooks.com/collections/graphic-novels-and-comic-books', '2026-01-06 17:22:47.761', '2026-01-06 17:22:47', '2026-01-06 17:22:47'),
(15, 'Historical Fiction', 'historical-fiction-books', 'https://www.worldofbooks.com/collections/historical-fiction-books', '2026-01-06 17:22:47.810', '2026-01-06 17:22:47', '2026-01-06 17:22:47'),
(16, 'Horror & Ghost Stories', 'horror-books', 'https://www.worldofbooks.com/collections/horror-books', '2026-01-06 17:22:47.846', '2026-01-06 17:22:47', '2026-01-06 17:22:47'),
(17, 'Religious & Spiritual Fiction', 'religious-and-spiritual-fiction-books', 'https://www.worldofbooks.com/collections/religious-and-spiritual-fiction-books', '2026-01-06 17:22:47.883', '2026-01-06 17:22:47', '2026-01-06 17:22:47'),
(18, 'Sagas', 'sagas-books', 'https://www.worldofbooks.com/collections/sagas-books', '2026-01-06 17:22:47.918', '2026-01-06 17:22:47', '2026-01-06 17:22:47'),
(19, 'Science Fiction', 'science-fiction-books', 'https://www.worldofbooks.com/collections/science-fiction-books', '2026-01-06 17:22:47.954', '2026-01-06 17:22:47', '2026-01-06 17:22:47'),
(20, 'Trending Now', 'trending-books', 'https://www.worldofbooks.com/pages/trending-books', '2026-01-06 17:22:48.969', '2026-01-06 17:22:48', '2026-01-06 17:22:48'),
(21, 'New Fiction Books', 'new-in', 'https://www.worldofbooks.com/pages/new-in', '2026-01-06 17:22:49.780', '2026-01-06 17:22:48', '2026-01-06 17:22:49'),
(22, 'LGBTQ+ Shelf', 'pride-month', 'https://www.worldofbooks.com/pages/pride-month', '2026-01-06 17:22:49.025', '2026-01-06 17:22:48', '2026-01-06 17:22:49'),
(23, 'Black Voices', 'celebrating-black-authors', 'https://www.worldofbooks.com/pages/celebrating-black-authors', '2026-01-06 17:22:49.008', '2026-01-06 17:22:48', '2026-01-06 17:22:49'),
(24, 'Read our Impact Report!', 'impact-report', 'https://www.worldofbooks.com/en-gb/pages/impact-report', '2026-01-06 17:22:49.042', '2026-01-06 17:22:48', '2026-01-06 17:22:49'),
(25, 'Stephen King', 'author-books-by-stephen-king', 'https://www.worldofbooks.com/collections/author-books-by-stephen-king', '2026-01-06 17:22:48.185', '2026-01-06 17:22:48', '2026-01-06 17:22:48'),
(26, 'Agatha Christie', 'author-books-by-agatha-christie', 'https://www.worldofbooks.com/collections/author-books-by-agatha-christie', '2026-01-06 17:22:48.221', '2026-01-06 17:22:48', '2026-01-06 17:22:48'),
(27, 'Sarah J Maas', 'author-books-by-sarah-j-maas', 'https://www.worldofbooks.com/collections/author-books-by-sarah-j-maas', '2026-01-06 17:22:48.261', '2026-01-06 17:22:48', '2026-01-06 17:22:48'),
(28, 'Colleen Hoover', 'author-books-by-colleen-hoover', 'https://www.worldofbooks.com/collections/author-books-by-colleen-hoover', '2026-01-06 17:22:48.300', '2026-01-06 17:22:48', '2026-01-06 17:22:48'),
(29, 'Non-Fiction Books', 'non-fiction', 'https://www.worldofbooks.com/pages/non-fiction', '2026-01-06 17:22:48.341', '2026-01-06 17:22:48', '2026-01-06 17:22:48'),
(30, 'All Non-Fiction Books', 'non-fiction-books', 'https://www.worldofbooks.com/collections/non-fiction-books', '2026-01-06 17:22:48.378', '2026-01-06 17:22:48', '2026-01-06 17:22:48'),
(31, 'Biography & True Stories', 'biography-and-true-story-books', 'https://www.worldofbooks.com/collections/biography-and-true-story-books', '2026-01-06 17:22:48.413', '2026-01-06 17:22:48', '2026-01-06 17:22:48'),
(32, 'English Language Teaching', 'english-language-teaching-books', 'https://www.worldofbooks.com/collections/english-language-teaching-books', '2026-01-06 17:22:48.449', '2026-01-06 17:22:48', '2026-01-06 17:22:48'),
(33, 'Health & Personal Development', 'health-and-personal-development-books', 'https://www.worldofbooks.com/collections/health-and-personal-development-books', '2026-01-06 17:22:48.478', '2026-01-06 17:22:48', '2026-01-06 17:22:48'),
(34, 'Lifestyle, Cooking & Leisure', 'lifestyle-cooking-and-leisure-books', 'https://www.worldofbooks.com/collections/lifestyle-cooking-and-leisure-books', '2026-01-06 17:22:48.515', '2026-01-06 17:22:48', '2026-01-06 17:22:48'),
(35, 'Reference Books', 'reference-books', 'https://www.worldofbooks.com/collections/reference-books', '2026-01-06 17:22:48.553', '2026-01-06 17:22:48', '2026-01-06 17:22:48'),
(36, 'Arts Books', 'arts-books', 'https://www.worldofbooks.com/collections/arts-books', '2026-01-06 17:22:48.586', '2026-01-06 17:22:48', '2026-01-06 17:22:48'),
(37, 'Computing & IT', 'computing-and-it-books', 'https://www.worldofbooks.com/collections/computing-and-it-books', '2026-01-06 17:22:48.619', '2026-01-06 17:22:48', '2026-01-06 17:22:48'),
(38, 'Earth Sciences', 'all-earth-sciences-books', 'https://www.worldofbooks.com/collections/all-earth-sciences-books', '2026-01-06 17:22:48.652', '2026-01-06 17:22:48', '2026-01-06 17:22:48'),
(39, 'Economics & Finance', 'economics-and-finance-books', 'https://www.worldofbooks.com/collections/economics-and-finance-books', '2026-01-06 17:22:48.688', '2026-01-06 17:22:48', '2026-01-06 17:22:48'),
(40, 'Humanities Books', 'humanities-books', 'https://www.worldofbooks.com/collections/humanities-books', '2026-01-06 17:22:48.718', '2026-01-06 17:22:48', '2026-01-06 17:22:48'),
(41, 'Language', 'language-books', 'https://www.worldofbooks.com/collections/language-books', '2026-01-06 17:22:48.751', '2026-01-06 17:22:48', '2026-01-06 17:22:48'),
(42, 'Law', 'law-books', 'https://www.worldofbooks.com/collections/law-books', '2026-01-06 17:22:48.784', '2026-01-06 17:22:48', '2026-01-06 17:22:48'),
(43, 'Literature & Literary Studies', 'literature-and-literary-studies-books', 'https://www.worldofbooks.com/collections/literature-and-literary-studies-books', '2026-01-06 17:22:48.813', '2026-01-06 17:22:48', '2026-01-06 17:22:48'),
(44, 'Mathematics & Science', 'mathematics-and-science-books', 'https://www.worldofbooks.com/collections/mathematics-and-science-books', '2026-01-06 17:22:48.843', '2026-01-06 17:22:48', '2026-01-06 17:22:48'),
(45, 'Medicine', 'medical-books', 'https://www.worldofbooks.com/collections/medical-books', '2026-01-06 17:22:48.877', '2026-01-06 17:22:48', '2026-01-06 17:22:48'),
(46, 'Social Sciences', 'social-science-books', 'https://www.worldofbooks.com/collections/social-science-books', '2026-01-06 17:22:48.908', '2026-01-06 17:22:48', '2026-01-06 17:22:48'),
(47, 'Technology', 'technology-books', 'https://www.worldofbooks.com/collections/technology-books', '2026-01-06 17:22:48.940', '2026-01-06 17:22:48', '2026-01-06 17:22:48'),
(48, 'Music', 'music-books', 'https://www.worldofbooks.com/collections/music-books', '2026-01-06 17:22:49.061', '2026-01-06 17:22:49', '2026-01-06 17:22:49'),
(49, 'Arts & Crafts', 'arts-and-crafts-books', 'https://www.worldofbooks.com/collections/arts-and-crafts-books', '2026-01-06 17:22:49.088', '2026-01-06 17:22:49', '2026-01-06 17:22:49'),
(50, 'Learn A Language', 'teaching-and-learning-books', 'https://www.worldofbooks.com/collections/teaching-and-learning-books', '2026-01-06 17:22:49.115', '2026-01-06 17:22:49', '2026-01-06 17:22:49'),
(51, 'Sustainability', 'all', 'https://www.worldofbooks.com/collections/all?q=sustainability', '2026-01-06 17:22:49.170', '2026-01-06 17:22:49', '2026-01-06 17:22:49'),
(52, 'Mind, Body & Spirit', 'mind-body-and-spirit-books', 'https://www.worldofbooks.com/collections/mind-body-and-spirit-books', '2026-01-06 17:22:49.189', '2026-01-06 17:22:49', '2026-01-06 17:22:49'),
(53, 'Travel', 'travel-and-holiday-books', 'https://www.worldofbooks.com/collections/travel-and-holiday-books', '2026-01-06 17:22:49.217', '2026-01-06 17:22:49', '2026-01-06 17:22:49'),
(54, 'Quizzes & Games', 'hobby-quiz-and-game-books', 'https://www.worldofbooks.com/collections/hobby-quiz-and-game-books', '2026-01-06 17:22:49.244', '2026-01-06 17:22:49', '2026-01-06 17:22:49'),
(55, 'Politics & Governance', 'politics-books', 'https://www.worldofbooks.com/collections/politics-books', '2026-01-06 17:22:49.270', '2026-01-06 17:22:49', '2026-01-06 17:22:49'),
(56, 'Children''s Books', 'childrens', 'https://www.worldofbooks.com/pages/childrens', '2026-01-06 17:22:49.297', '2026-01-06 17:22:49', '2026-01-06 17:22:49'),
(57, 'All Children''s Books', 'childrens-books', 'https://www.worldofbooks.com/collections/childrens-books', '2026-01-06 17:22:49.323', '2026-01-06 17:22:49', '2026-01-06 17:22:49'),
(58, 'Children''s Fiction & True Stories', 'childrens-fiction-books', 'https://www.worldofbooks.com/collections/childrens-fiction-books', '2026-01-06 17:22:49.362', '2026-01-06 17:22:49', '2026-01-06 17:22:49'),
(59, 'Children''s Non-Fiction', 'childrens-non-fiction-books', 'https://www.worldofbooks.com/collections/childrens-non-fiction-books', '2026-01-06 17:22:49.399', '2026-01-06 17:22:49', '2026-01-06 17:22:49'),
(60, 'Activity, Early Learning & Picture Books', 'childrens-picture-and-activity-books', 'https://www.worldofbooks.com/collections/childrens-picture-and-activity-books', '2026-01-06 17:22:49.436', '2026-01-06 17:22:49', '2026-01-06 17:22:49'),
(61, 'Children''s Reference Books', 'childrens-reference-books', 'https://www.worldofbooks.com/collections/childrens-reference-books', '2026-01-06 17:22:49.466', '2026-01-06 17:22:49', '2026-01-06 17:22:49'),
(62, 'Children''s Education & Learning', 'educational-material-books', 'https://www.worldofbooks.com/collections/educational-material-books', '2026-01-06 17:22:49.497', '2026-01-06 17:22:49', '2026-01-06 17:22:49'),
(63, 'Children''s Poetry & Anthologies', 'childrens-poetry-books', 'https://www.worldofbooks.com/collections/childrens-poetry-books', '2026-01-06 17:22:49.535', '2026-01-06 17:22:49', '2026-01-06 17:22:49'),
(64, 'Children''s Personal & Social Issues', 'childrens-personal-and-social-issues-books', 'https://www.worldofbooks.com/collections/childrens-personal-and-social-issues-books', '2026-01-06 17:22:49.568', '2026-01-06 17:22:49', '2026-01-06 17:22:49'),
(65, 'Stationary & Miscellaneous Items', 'stationery-and-miscellaneous-items', 'https://www.worldofbooks.com/collections/stationery-and-miscellaneous-items', '2026-01-06 17:22:49.610', '2026-01-06 17:22:49', '2026-01-06 17:22:49'),
(66, 'Baby & Toddler', 'baby-and-toddler-books', 'https://www.worldofbooks.com/pages/baby-and-toddler-books', '2026-01-06 17:22:49.642', '2026-01-06 17:22:49', '2026-01-06 17:22:49'),
(67, 'Ages 5-8', 'childrens-books-ages-5-8', 'https://www.worldofbooks.com/pages/childrens-books-ages-5-8', '2026-01-06 17:22:49.674', '2026-01-06 17:22:49', '2026-01-06 17:22:49'),
(68, 'Ages 9-12', 'childrens-books-ages-9-12', 'https://www.worldofbooks.com/pages/childrens-books-ages-9-12', '2026-01-06 17:22:49.704', '2026-01-06 17:22:49', '2026-01-06 17:22:49'),
(69, 'Teeange & YA', 'teenage-and-young-adult-books', 'https://www.worldofbooks.com/pages/teenage-and-young-adult-books', '2026-01-06 17:22:49.741', '2026-01-06 17:22:49', '2026-01-06 17:22:49'),
(70, 'Textbooks', 'textbooks', 'https://www.worldofbooks.com/pages/textbooks', '2026-01-06 17:22:49.804', '2026-01-06 17:22:49', '2026-01-06 17:22:49'),
(71, 'Kids'' Favorite Characters', 'childrens-favourite-characters', 'https://www.worldofbooks.com/pages/childrens-favourite-characters', '2026-01-06 17:22:49.840', '2026-01-06 17:22:49', '2026-01-06 17:22:49'),
(72, 'Kids'' Favorite Series', 'childrens-favourite-series', 'https://www.worldofbooks.com/pages/childrens-favourite-series', '2026-01-06 17:22:49.873', '2026-01-06 17:22:49', '2026-01-06 17:22:49'),
(73, 'Julia Donaldson', 'author-books-by-julia-donaldson', 'https://www.worldofbooks.com/collections/author-books-by-julia-donaldson', '2026-01-06 17:22:49.906', '2026-01-06 17:22:49', '2026-01-06 17:22:49'),
(74, 'Tom Fletcher', 'author-books-by-tom-fletcher', 'https://www.worldofbooks.com/collections/author-books-by-tom-fletcher', '2026-01-06 17:22:49.940', '2026-01-06 17:22:49', '2026-01-06 17:22:49'),
(75, 'Roald Dahl', 'author-books-by-roald-dahl', 'https://www.worldofbooks.com/collections/author-books-by-roald-dahl', '2026-01-06 17:22:49.976', '2026-01-06 17:22:49', '2026-01-06 17:22:49'),
(76, 'Alice Oseman', 'author-books-by-alice-oseman', 'https://www.worldofbooks.com/collections/author-books-by-alice-oseman', '2026-01-06 17:22:50.011', '2026-01-06 17:22:50', '2026-01-06 17:22:50'),
(77, 'Holly Jackson', 'author-books-by-holly-jackson', 'https://www.worldofbooks.com/collections/author-books-by-holly-jackson', '2026-01-06 17:22:50.048', '2026-01-06 17:22:50', '2026-01-06 17:22:50'),
(78, 'Karen M. McManus', 'author-books-by-karen-m-mcmanus', 'https://www.worldofbooks.com/collections/author-books-by-karen-m-mcmanus', '2026-01-06 17:22:50.099', '2026-01-06 17:22:50', '2026-01-06 17:22:50'),
(79, 'Jennifer Lynn Barnes', 'author-books-by-jennifer-lynn-barnes', 'https://www.worldofbooks.com/collections/author-books-by-jennifer-lynn-barnes', '2026-01-06 17:22:50.138', '2026-01-06 17:22:50', '2026-01-06 17:22:50'),
(80, 'Rare Books', 'rarebooks', 'https://www.worldofbooks.com/collections/rarebooks', '2026-01-06 17:22:50.176', '2026-01-06 17:22:50', '2026-01-06 17:22:50'),
(81, 'All Rare Fiction Books', 'rare-fiction-books', 'https://www.worldofbooks.com/collections/rare-fiction-books', '2026-01-06 17:22:50.211', '2026-01-06 17:22:50', '2026-01-06 17:22:50'),
(82, 'Foreign Language Books', 'rare-foreign-language-books', 'https://www.worldofbooks.com/collections/rare-foreign-language-books', '2026-01-06 17:22:50.249', '2026-01-06 17:22:50', '2026-01-06 17:22:50'),
(83, 'Crime Books', 'rare-crime-books', 'https://www.worldofbooks.com/collections/rare-crime-books', '2026-01-06 17:22:50.314', '2026-01-06 17:22:50', '2026-01-06 17:22:50'),
(84, 'Thriller Books', 'rare-thriller-books', 'https://www.worldofbooks.com/collections/rare-thriller-books', '2026-01-06 17:22:50.356', '2026-01-06 17:22:50', '2026-01-06 17:22:50'),
(85, 'Sci-Fi Books', 'rare-sci-fi-books', 'https://www.worldofbooks.com/collections/rare-sci-fi-books', '2026-01-06 17:22:50.390', '2026-01-06 17:22:50', '2026-01-06 17:22:50'),
(86, 'Romance Books', 'rare-romance-books', 'https://www.worldofbooks.com/collections/rare-romance-books', '2026-01-06 17:22:50.426', '2026-01-06 17:22:50', '2026-01-06 17:22:50'),
(87, 'Horror Books', 'rare-horror-books', 'https://www.worldofbooks.com/collections/rare-horror-books', '2026-01-06 17:22:50.458', '2026-01-06 17:22:50', '2026-01-06 17:22:50'),
(88, 'Fantasy Books', 'rare-fantasy-books', 'https://www.worldofbooks.com/collections/rare-fantasy-books', '2026-01-06 17:22:50.492', '2026-01-06 17:22:50', '2026-01-06 17:22:50'),
(89, 'Adult & Erotic Books', 'rare-adult-and-erotic-books', 'https://www.worldofbooks.com/collections/rare-adult-and-erotic-books', '2026-01-06 17:22:50.524', '2026-01-06 17:22:50', '2026-01-06 17:22:50'),
(90, 'All Rare Non-Fiction Books', 'rare-non-fiction-books', 'https://www.worldofbooks.com/collections/rare-non-fiction-books', '2026-01-06 17:22:50.556', '2026-01-06 17:22:50', '2026-01-06 17:22:50'),
(91, 'General Non-Fiction Books', 'general-non-fiction', 'https://www.worldofbooks.com/collections/general-non-fiction', '2026-01-06 17:22:50.587', '2026-01-06 17:22:50', '2026-01-06 17:22:50'),
(92, 'Biography & True Story Books', 'rare-biography-true-story-books', 'https://www.worldofbooks.com/collections/rare-biography-true-story-books', '2026-01-06 17:22:50.624', '2026-01-06 17:22:50', '2026-01-06 17:22:50'),
(93, 'Lifestyle, Sport & Leisure Books', 'rare-lifestyle-sport-leisure-books', 'https://www.worldofbooks.com/collections/rare-lifestyle-sport-leisure-books', '2026-01-06 17:22:50.659', '2026-01-06 17:22:50', '2026-01-06 17:22:50'),
(94, 'Humanities Books', 'rare-humanities-books', 'https://www.worldofbooks.com/collections/rare-humanities-books', '2026-01-06 17:22:50.697', '2026-01-06 17:22:50', '2026-01-06 17:22:50'),
(95, 'Religion & Spirituality Books', 'rare-religion-spirituality-books', 'https://www.worldofbooks.com/collections/rare-religion-spirituality-books', '2026-01-06 17:22:50.729', '2026-01-06 17:22:50', '2026-01-06 17:22:50'),
(96, 'Social Sciences Books', 'rare-social-sciences-books', 'https://www.worldofbooks.com/collections/rare-social-sciences-books', '2026-01-06 17:22:50.762', '2026-01-06 17:22:50', '2026-01-06 17:22:50'),
(97, 'Science Books', 'rare-science-books', 'https://www.worldofbooks.com/collections/rare-science-books', '2026-01-06 17:22:50.792', '2026-01-06 17:22:50', '2026-01-06 17:22:50'),
(98, 'Art, Fashion & Photography Books', 'rare-art-fashion-photography-books', 'https://www.worldofbooks.com/collections/rare-art-fashion-photography-books', '2026-01-06 17:22:50.825', '2026-01-06 17:22:50', '2026-01-06 17:22:50'),
(99, 'Technology, Engineering & Agriculture Books', 'rare-technology-engineering-agriculture-books', 'https://www.worldofbooks.com/collections/rare-technology-engineering-agriculture-books', '2026-01-06 17:22:50.867', '2026-01-06 17:22:50', '2026-01-06 17:22:50'),
(100, 'Children''s Books', 'rare-childrens-books', 'https://www.worldofbooks.com/collections/rare-childrens-books', '2026-01-06 17:22:50.903', '2026-01-06 17:22:50', '2026-01-06 17:22:50'),
(101, 'Medicine Books', 'rare-medicine-books', 'https://www.worldofbooks.com/collections/rare-medicine-books', '2026-01-06 17:22:50.933', '2026-01-06 17:22:50', '2026-01-06 17:22:50'),
(102, 'Economics Books', 'rare-economics-books', 'https://www.worldofbooks.com/collections/rare-economics-books', '2026-01-06 17:22:50.964', '2026-01-06 17:22:50', '2026-01-06 17:22:50'),
(103, 'Law Books', 'rare-law-books', 'https://www.worldofbooks.com/collections/rare-law-books', '2026-01-06 17:22:50.997', '2026-01-06 17:22:51', '2026-01-06 17:22:51'),
(104, 'Myths, Legends & Supernatural Books', 'rare-myths-legends-supernatural-books', 'https://www.worldofbooks.com/collections/rare-myths-legends-supernatural-books', '2026-01-06 17:22:51.031', '2026-01-06 17:22:51', '2026-01-06 17:22:51'),
(105, 'Antiques & Collectables Books', 'rare-antiques-collectables-books', 'https://www.worldofbooks.com/collections/rare-antiques-collectables-books', '2026-01-06 17:22:51.062', '2026-01-06 17:22:51', '2026-01-06 17:22:51'),
(106, 'Journals, Periodicals and Magazines', 'rare-journals-periodicals-and-magazines', 'https://www.worldofbooks.com/collections/rare-journals-periodicals-and-magazines', '2026-01-06 17:22:51.096', '2026-01-06 17:22:51', '2026-01-06 17:22:51'),
(107, 'Ephemera & Heritage', 'rare-ephemera', 'https://www.worldofbooks.com/collections/rare-ephemera', '2026-01-06 17:22:51.125', '2026-01-06 17:22:51', '2026-01-06 17:22:51'),
(108, 'Non-Fiction General', 'rare-non-fiction-general-books', 'https://www.worldofbooks.com/collections/rare-non-fiction-general-books', '2026-01-06 17:22:51.156', '2026-01-06 17:22:51', '2026-01-06 17:22:51')
ON CONFLICT (id) DO NOTHING;

-- Import Categories (108 items)
INSERT INTO category (id, title, slug, url, "navigationId", "parentId", "productCount", "lastScrapedAt", "createdAt", "updatedAt") VALUES
(1, 'Sale', 'uk-sale', 'https://www.worldofbooks.com/collections/us-sale', 1, NULL, 0, NULL, '2026-01-06 17:22:47', '2026-01-06 17:22:47'),
(2, 'Fiction Books', 'fiction', 'https://www.worldofbooks.com/pages/fiction', 2, NULL, 0, NULL, '2026-01-06 17:22:47', '2026-01-06 17:22:47'),
(3, 'All Fiction Books', 'fiction-books', 'https://www.worldofbooks.com/collections/fiction-books', 3, NULL, 0, NULL, '2026-01-06 17:22:47', '2026-01-06 17:22:47'),
(4, 'Crime & Mystery', 'crime-and-mystery-books', 'https://www.worldofbooks.com/collections/crime-and-mystery-books', 4, NULL, 0, NULL, '2026-01-06 17:22:47', '2026-01-06 17:22:47'),
(5, 'Fantasy', 'fantasy-fiction-books', 'https://www.worldofbooks.com/collections/fantasy-fiction-books', 5, NULL, 0, NULL, '2026-01-06 17:22:47', '2026-01-06 17:22:47'),
(6, 'Modern Fiction', 'modern-fiction-books', 'https://www.worldofbooks.com/collections/modern-fiction-books', 6, NULL, 0, NULL, '2026-01-06 17:22:47', '2026-01-06 17:22:47'),
(7, 'Romance', 'romance-books', 'https://www.worldofbooks.com/collections/romance-books', 7, NULL, 0, NULL, '2026-01-06 17:22:47', '2026-01-06 17:22:47'),
(8, 'Adventure', 'adventure-books', 'https://www.worldofbooks.com/collections/adventure-books', 8, NULL, 0, NULL, '2026-01-06 17:22:47', '2026-01-06 17:22:47'),
(9, 'Thriller & Suspense', 'thriller-and-suspense-books', 'https://www.worldofbooks.com/collections/thriller-and-suspense-books', 9, NULL, 0, NULL, '2026-01-06 17:22:47', '2026-01-06 17:22:47'),
(10, 'Classic Fiction', 'classic-fiction-books', 'https://www.worldofbooks.com/collections/classic-fiction-books', 10, NULL, 0, NULL, '2026-01-06 17:22:47', '2026-01-06 17:22:47'),
(11, 'Erotic Fiction', 'erotic-fiction-books', 'https://www.worldofbooks.com/collections/erotic-fiction-books', 11, NULL, 0, NULL, '2026-01-06 17:22:47', '2026-01-06 17:22:47'),
(12, 'Fiction-Related Items', 'fiction-related-items-books', 'https://www.worldofbooks.com/collections/fiction-related-items-books', 12, NULL, 0, NULL, '2026-01-06 17:22:47', '2026-01-06 17:22:47'),
(13, 'Anthologies & Short Stories', 'fiction-special-features-books', 'https://www.worldofbooks.com/collections/fiction-special-features-books', 13, NULL, 0, NULL, '2026-01-06 17:22:47', '2026-01-06 17:22:47'),
(14, 'Graphic Novels', 'graphic-novels-and-comic-books', 'https://www.worldofbooks.com/collections/graphic-novels-and-comic-books', 14, NULL, 0, NULL, '2026-01-06 17:22:47', '2026-01-06 17:22:47'),
(15, 'Historical Fiction', 'historical-fiction-books', 'https://www.worldofbooks.com/collections/historical-fiction-books', 15, NULL, 0, NULL, '2026-01-06 17:22:47', '2026-01-06 17:22:47'),
(16, 'Horror & Ghost Stories', 'horror-books', 'https://www.worldofbooks.com/collections/horror-books', 16, NULL, 0, NULL, '2026-01-06 17:22:47', '2026-01-06 17:22:47'),
(17, 'Religious & Spiritual Fiction', 'religious-and-spiritual-fiction-books', 'https://www.worldofbooks.com/collections/religious-and-spiritual-fiction-books', 17, NULL, 0, NULL, '2026-01-06 17:22:47', '2026-01-06 17:22:47'),
(18, 'Sagas', 'sagas-books', 'https://www.worldofbooks.com/collections/sagas-books', 18, NULL, 0, NULL, '2026-01-06 17:22:47', '2026-01-06 17:22:47'),
(19, 'Science Fiction', 'science-fiction-books', 'https://www.worldofbooks.com/collections/science-fiction-books', 19, NULL, 0, NULL, '2026-01-06 17:22:47', '2026-01-06 17:22:47'),
(20, 'Trending Now', 'trending-books', 'https://www.worldofbooks.com/pages/trending-books', 20, NULL, 0, NULL, '2026-01-06 17:22:48', '2026-01-06 17:22:48'),
(21, 'New Fiction Books', 'new-in', 'https://www.worldofbooks.com/pages/new-in', 21, NULL, 0, NULL, '2026-01-06 17:22:48', '2026-01-06 17:22:48'),
(22, 'LGBTQ+ Shelf', 'pride-month', 'https://www.worldofbooks.com/pages/pride-month', 22, NULL, 0, NULL, '2026-01-06 17:22:48', '2026-01-06 17:22:48'),
(23, 'Black Voices', 'celebrating-black-authors', 'https://www.worldofbooks.com/pages/celebrating-black-authors', 23, NULL, 0, NULL, '2026-01-06 17:22:48', '2026-01-06 17:22:48'),
(24, 'Read our Impact Report!', 'impact-report', 'https://www.worldofbooks.com/en-gb/pages/impact-report', 24, NULL, 0, NULL, '2026-01-06 17:22:48', '2026-01-06 17:22:48'),
(25, 'Stephen King', 'author-books-by-stephen-king', 'https://www.worldofbooks.com/collections/author-books-by-stephen-king', 25, NULL, 0, NULL, '2026-01-06 17:22:48', '2026-01-06 17:22:48'),
(26, 'Agatha Christie', 'author-books-by-agatha-christie', 'https://www.worldofbooks.com/collections/author-books-by-agatha-christie', 26, NULL, 0, NULL, '2026-01-06 17:22:48', '2026-01-06 17:22:48'),
(27, 'Sarah J Maas', 'author-books-by-sarah-j-maas', 'https://www.worldofbooks.com/collections/author-books-by-sarah-j-maas', 27, NULL, 0, NULL, '2026-01-06 17:22:48', '2026-01-06 17:22:48'),
(28, 'Colleen Hoover', 'author-books-by-colleen-hoover', 'https://www.worldofbooks.com/collections/author-books-by-colleen-hoover', 28, NULL, 0, NULL, '2026-01-06 17:22:48', '2026-01-06 17:22:48'),
(29, 'Non-Fiction Books', 'non-fiction', 'https://www.worldofbooks.com/pages/non-fiction', 29, NULL, 0, NULL, '2026-01-06 17:22:48', '2026-01-06 17:22:48'),
(30, 'All Non-Fiction Books', 'non-fiction-books', 'https://www.worldofbooks.com/collections/non-fiction-books', 30, NULL, 0, NULL, '2026-01-06 17:22:48', '2026-01-06 17:22:48'),
(31, 'Biography & True Stories', 'biography-and-true-story-books', 'https://www.worldofbooks.com/collections/biography-and-true-story-books', 31, NULL, 0, NULL, '2026-01-06 17:22:48', '2026-01-06 17:22:48'),
(32, 'English Language Teaching', 'english-language-teaching-books', 'https://www.worldofbooks.com/collections/english-language-teaching-books', 32, NULL, 0, NULL, '2026-01-06 17:22:48', '2026-01-06 17:22:48'),
(33, 'Health & Personal Development', 'health-and-personal-development-books', 'https://www.worldofbooks.com/collections/health-and-personal-development-books', 33, NULL, 0, NULL, '2026-01-06 17:22:48', '2026-01-06 17:22:48'),
(34, 'Lifestyle, Cooking & Leisure', 'lifestyle-cooking-and-leisure-books', 'https://www.worldofbooks.com/collections/lifestyle-cooking-and-leisure-books', 34, NULL, 0, NULL, '2026-01-06 17:22:48', '2026-01-06 17:22:48'),
(35, 'Reference Books', 'reference-books', 'https://www.worldofbooks.com/collections/reference-books', 35, NULL, 0, NULL, '2026-01-06 17:22:48', '2026-01-06 17:22:48'),
(36, 'Arts Books', 'arts-books', 'https://www.worldofbooks.com/collections/arts-books', 36, NULL, 0, NULL, '2026-01-06 17:22:48', '2026-01-06 17:22:48'),
(37, 'Computing & IT', 'computing-and-it-books', 'https://www.worldofbooks.com/collections/computing-and-it-books', 37, NULL, 0, NULL, '2026-01-06 17:22:48', '2026-01-06 17:22:48'),
(38, 'Earth Sciences', 'all-earth-sciences-books', 'https://www.worldofbooks.com/collections/all-earth-sciences-books', 38, NULL, 0, NULL, '2026-01-06 17:22:48', '2026-01-06 17:22:48'),
(39, 'Economics & Finance', 'economics-and-finance-books', 'https://www.worldofbooks.com/collections/economics-and-finance-books', 39, NULL, 0, NULL, '2026-01-06 17:22:48', '2026-01-06 17:22:48'),
(40, 'Humanities Books', 'humanities-books', 'https://www.worldofbooks.com/collections/humanities-books', 40, NULL, 0, NULL, '2026-01-06 17:22:48', '2026-01-06 17:22:48'),
(41, 'Language', 'language-books', 'https://www.worldofbooks.com/collections/language-books', 41, NULL, 0, NULL, '2026-01-06 17:22:48', '2026-01-06 17:22:48'),
(42, 'Law', 'law-books', 'https://www.worldofbooks.com/collections/law-books', 42, NULL, 0, NULL, '2026-01-06 17:22:48', '2026-01-06 17:22:48'),
(43, 'Literature & Literary Studies', 'literature-and-literary-studies-books', 'https://www.worldofbooks.com/collections/literature-and-literary-studies-books', 43, NULL, 0, NULL, '2026-01-06 17:22:48', '2026-01-06 17:22:48'),
(44, 'Mathematics & Science', 'mathematics-and-science-books', 'https://www.worldofbooks.com/collections/mathematics-and-science-books', 44, NULL, 0, NULL, '2026-01-06 17:22:48', '2026-01-06 17:22:48'),
(45, 'Medicine', 'medical-books', 'https://www.worldofbooks.com/collections/medical-books', 45, NULL, 0, NULL, '2026-01-06 17:22:48', '2026-01-06 17:22:48'),
(46, 'Social Sciences', 'social-science-books', 'https://www.worldofbooks.com/collections/social-science-books', 46, NULL, 0, NULL, '2026-01-06 17:22:48', '2026-01-06 17:22:48'),
(47, 'Technology', 'technology-books', 'https://www.worldofbooks.com/collections/technology-books', 47, NULL, 0, NULL, '2026-01-06 17:22:48', '2026-01-06 17:22:48'),
(48, 'Music', 'music-books', 'https://www.worldofbooks.com/collections/music-books', 48, NULL, 0, NULL, '2026-01-06 17:22:49', '2026-01-06 17:22:49'),
(49, 'Arts & Crafts', 'arts-and-crafts-books', 'https://www.worldofbooks.com/collections/arts-and-crafts-books', 49, NULL, 0, NULL, '2026-01-06 17:22:49', '2026-01-06 17:22:49'),
(50, 'Learn A Language', 'teaching-and-learning-books', 'https://www.worldofbooks.com/collections/teaching-and-learning-books', 50, NULL, 0, NULL, '2026-01-06 17:22:49', '2026-01-06 17:22:49'),
(51, 'Sustainability', 'all', 'https://www.worldofbooks.com/collections/all?q=sustainability', 51, NULL, 0, NULL, '2026-01-06 17:22:49', '2026-01-06 17:22:49'),
(52, 'Mind, Body & Spirit', 'mind-body-and-spirit-books', 'https://www.worldofbooks.com/collections/mind-body-and-spirit-books', 52, NULL, 0, NULL, '2026-01-06 17:22:49', '2026-01-06 17:22:49'),
(53, 'Travel', 'travel-and-holiday-books', 'https://www.worldofbooks.com/collections/travel-and-holiday-books', 53, NULL, 0, NULL, '2026-01-06 17:22:49', '2026-01-06 17:22:49'),
(54, 'Quizzes & Games', 'hobby-quiz-and-game-books', 'https://www.worldofbooks.com/collections/hobby-quiz-and-game-books', 54, NULL, 0, NULL, '2026-01-06 17:22:49', '2026-01-06 17:22:49'),
(55, 'Politics & Governance', 'politics-books', 'https://www.worldofbooks.com/collections/politics-books', 55, NULL, 0, NULL, '2026-01-06 17:22:49', '2026-01-06 17:22:49'),
(56, 'Children''s Books', 'childrens', 'https://www.worldofbooks.com/pages/childrens', 56, NULL, 0, NULL, '2026-01-06 17:22:49', '2026-01-06 17:22:49'),
(57, 'All Children''s Books', 'childrens-books', 'https://www.worldofbooks.com/collections/childrens-books', 57, NULL, 0, NULL, '2026-01-06 17:22:49', '2026-01-06 17:22:49'),
(58, 'Children''s Fiction & True Stories', 'childrens-fiction-books', 'https://www.worldofbooks.com/collections/childrens-fiction-books', 58, NULL, 0, NULL, '2026-01-06 17:22:49', '2026-01-06 17:22:49'),
(59, 'Children''s Non-Fiction', 'childrens-non-fiction-books', 'https://www.worldofbooks.com/collections/childrens-non-fiction-books', 59, NULL, 0, NULL, '2026-01-06 17:22:49', '2026-01-06 17:22:49'),
(60, 'Activity, Early Learning & Picture Books', 'childrens-picture-and-activity-books', 'https://www.worldofbooks.com/collections/childrens-picture-and-activity-books', 60, NULL, 0, NULL, '2026-01-06 17:22:49', '2026-01-06 17:22:49'),
(61, 'Children''s Reference Books', 'childrens-reference-books', 'https://www.worldofbooks.com/collections/childrens-reference-books', 61, NULL, 0, NULL, '2026-01-06 17:22:49', '2026-01-06 17:22:49'),
(62, 'Children''s Education & Learning', 'educational-material-books', 'https://www.worldofbooks.com/collections/educational-material-books', 62, NULL, 0, NULL, '2026-01-06 17:22:49', '2026-01-06 17:22:49'),
(63, 'Children''s Poetry & Anthologies', 'childrens-poetry-books', 'https://www.worldofbooks.com/collections/childrens-poetry-books', 63, NULL, 0, NULL, '2026-01-06 17:22:49', '2026-01-06 17:22:49'),
(64, 'Children''s Personal & Social Issues', 'childrens-personal-and-social-issues-books', 'https://www.worldofbooks.com/collections/childrens-personal-and-social-issues-books', 64, NULL, 0, NULL, '2026-01-06 17:22:49', '2026-01-06 17:22:49'),
(65, 'Stationary & Miscellaneous Items', 'stationery-and-miscellaneous-items', 'https://www.worldofbooks.com/collections/stationery-and-miscellaneous-items', 65, NULL, 0, NULL, '2026-01-06 17:22:49', '2026-01-06 17:22:49'),
(66, 'Baby & Toddler', 'baby-and-toddler-books', 'https://www.worldofbooks.com/pages/baby-and-toddler-books', 66, NULL, 0, NULL, '2026-01-06 17:22:49', '2026-01-06 17:22:49'),
(67, 'Ages 5-8', 'childrens-books-ages-5-8', 'https://www.worldofbooks.com/pages/childrens-books-ages-5-8', 67, NULL, 0, NULL, '2026-01-06 17:22:49', '2026-01-06 17:22:49'),
(68, 'Ages 9-12', 'childrens-books-ages-9-12', 'https://www.worldofbooks.com/pages/childrens-books-ages-9-12', 68, NULL, 0, NULL, '2026-01-06 17:22:49', '2026-01-06 17:22:49'),
(69, 'Teeange & YA', 'teenage-and-young-adult-books', 'https://www.worldofbooks.com/pages/teenage-and-young-adult-books', 69, NULL, 0, NULL, '2026-01-06 17:22:49', '2026-01-06 17:22:49'),
(70, 'Textbooks', 'textbooks', 'https://www.worldofbooks.com/pages/textbooks', 70, NULL, 0, NULL, '2026-01-06 17:22:49', '2026-01-06 17:22:49'),
(71, 'Kids'' Favorite Characters', 'childrens-favourite-characters', 'https://www.worldofbooks.com/pages/childrens-favourite-characters', 71, NULL, 0, NULL, '2026-01-06 17:22:49', '2026-01-06 17:22:49'),
(72, 'Kids'' Favorite Series', 'childrens-favourite-series', 'https://www.worldofbooks.com/pages/childrens-favourite-series', 72, NULL, 0, NULL, '2026-01-06 17:22:49', '2026-01-06 17:22:49'),
(73, 'Julia Donaldson', 'author-books-by-julia-donaldson', 'https://www.worldofbooks.com/collections/author-books-by-julia-donaldson', 73, NULL, 0, NULL, '2026-01-06 17:22:49', '2026-01-06 17:22:49'),
(74, 'Tom Fletcher', 'author-books-by-tom-fletcher', 'https://www.worldofbooks.com/collections/author-books-by-tom-fletcher', 74, NULL, 0, NULL, '2026-01-06 17:22:49', '2026-01-06 17:22:49'),
(75, 'Roald Dahl', 'author-books-by-roald-dahl', 'https://www.worldofbooks.com/collections/author-books-by-roald-dahl', 75, NULL, 0, NULL, '2026-01-06 17:22:49', '2026-01-06 17:22:49'),
(76, 'Alice Oseman', 'author-books-by-alice-oseman', 'https://www.worldofbooks.com/collections/author-books-by-alice-oseman', 76, NULL, 0, NULL, '2026-01-06 17:22:50', '2026-01-06 17:22:50'),
(77, 'Holly Jackson', 'author-books-by-holly-jackson', 'https://www.worldofbooks.com/collections/author-books-by-holly-jackson', 77, NULL, 0, NULL, '2026-01-06 17:22:50', '2026-01-06 17:22:50'),
(78, 'Karen M. McManus', 'author-books-by-karen-m-mcmanus', 'https://www.worldofbooks.com/collections/author-books-by-karen-m-mcmanus', 78, NULL, 0, NULL, '2026-01-06 17:22:50', '2026-01-06 17:22:50'),
(79, 'Jennifer Lynn Barnes', 'author-books-by-jennifer-lynn-barnes', 'https://www.worldofbooks.com/collections/author-books-by-jennifer-lynn-barnes', 79, NULL, 0, NULL, '2026-01-06 17:22:50', '2026-01-06 17:22:50'),
(80, 'Rare Books', 'rarebooks', 'https://www.worldofbooks.com/collections/rarebooks', 80, NULL, 0, NULL, '2026-01-06 17:22:50', '2026-01-06 17:22:50'),
(81, 'All Rare Fiction Books', 'rare-fiction-books', 'https://www.worldofbooks.com/collections/rare-fiction-books', 81, NULL, 0, NULL, '2026-01-06 17:22:50', '2026-01-06 17:22:50'),
(82, 'Foreign Language Books', 'rare-foreign-language-books', 'https://www.worldofbooks.com/collections/rare-foreign-language-books', 82, NULL, 0, NULL, '2026-01-06 17:22:50', '2026-01-06 17:22:50'),
(83, 'Crime Books', 'rare-crime-books', 'https://www.worldofbooks.com/collections/rare-crime-books', 83, NULL, 0, NULL, '2026-01-06 17:22:50', '2026-01-06 17:22:50'),
(84, 'Thriller Books', 'rare-thriller-books', 'https://www.worldofbooks.com/collections/rare-thriller-books', 84, NULL, 0, NULL, '2026-01-06 17:22:50', '2026-01-06 17:22:50'),
(85, 'Sci-Fi Books', 'rare-sci-fi-books', 'https://www.worldofbooks.com/collections/rare-sci-fi-books', 85, NULL, 0, NULL, '2026-01-06 17:22:50', '2026-01-06 17:22:50'),
(86, 'Romance Books', 'rare-romance-books', 'https://www.worldofbooks.com/collections/rare-romance-books', 86, NULL, 0, NULL, '2026-01-06 17:22:50', '2026-01-06 17:22:50'),
(87, 'Horror Books', 'rare-horror-books', 'https://www.worldofbooks.com/collections/rare-horror-books', 87, NULL, 0, NULL, '2026-01-06 17:22:50', '2026-01-06 17:22:50'),
(88, 'Fantasy Books', 'rare-fantasy-books', 'https://www.worldofbooks.com/collections/rare-fantasy-books', 88, NULL, 0, NULL, '2026-01-06 17:22:50', '2026-01-06 17:22:50'),
(89, 'Adult & Erotic Books', 'rare-adult-and-erotic-books', 'https://www.worldofbooks.com/collections/rare-adult-and-erotic-books', 89, NULL, 0, NULL, '2026-01-06 17:22:50', '2026-01-06 17:22:50'),
(90, 'All Rare Non-Fiction Books', 'rare-non-fiction-books', 'https://www.worldofbooks.com/collections/rare-non-fiction-books', 90, NULL, 0, NULL, '2026-01-06 17:22:50', '2026-01-06 17:22:50'),
(91, 'General Non-Fiction Books', 'general-non-fiction', 'https://www.worldofbooks.com/collections/general-non-fiction', 91, NULL, 0, NULL, '2026-01-06 17:22:50', '2026-01-06 17:22:50'),
(92, 'Biography & True Story Books', 'rare-biography-true-story-books', 'https://www.worldofbooks.com/collections/rare-biography-true-story-books', 92, NULL, 0, NULL, '2026-01-06 17:22:50', '2026-01-06 17:22:50'),
(93, 'Lifestyle, Sport & Leisure Books', 'rare-lifestyle-sport-leisure-books', 'https://www.worldofbooks.com/collections/rare-lifestyle-sport-leisure-books', 93, NULL, 0, NULL, '2026-01-06 17:22:50', '2026-01-06 17:22:50'),
(94, 'Humanities Books', 'rare-humanities-books', 'https://www.worldofbooks.com/collections/rare-humanities-books', 94, NULL, 0, NULL, '2026-01-06 17:22:50', '2026-01-06 17:22:50'),
(95, 'Religion & Spirituality Books', 'rare-religion-spirituality-books', 'https://www.worldofbooks.com/collections/rare-religion-spirituality-books', 95, NULL, 0, NULL, '2026-01-06 17:22:50', '2026-01-06 17:22:50'),
(96, 'Social Sciences Books', 'rare-social-sciences-books', 'https://www.worldofbooks.com/collections/rare-social-sciences-books', 96, NULL, 0, NULL, '2026-01-06 17:22:50', '2026-01-06 17:22:50'),
(97, 'Science Books', 'rare-science-books', 'https://www.worldofbooks.com/collections/rare-science-books', 97, NULL, 0, NULL, '2026-01-06 17:22:50', '2026-01-06 17:22:50'),
(98, 'Art, Fashion & Photography Books', 'rare-art-fashion-photography-books', 'https://www.worldofbooks.com/collections/rare-art-fashion-photography-books', 98, NULL, 0, NULL, '2026-01-06 17:22:50', '2026-01-06 17:22:50'),
(99, 'Technology, Engineering & Agriculture Books', 'rare-technology-engineering-agriculture-books', 'https://www.worldofbooks.com/collections/rare-technology-engineering-agriculture-books', 99, NULL, 0, NULL, '2026-01-06 17:22:50', '2026-01-06 17:22:50'),
(100, 'Children''s Books', 'rare-childrens-books', 'https://www.worldofbooks.com/collections/rare-childrens-books', 100, NULL, 0, NULL, '2026-01-06 17:22:50', '2026-01-06 17:22:50'),
(101, 'Medicine Books', 'rare-medicine-books', 'https://www.worldofbooks.com/collections/rare-medicine-books', 101, NULL, 0, NULL, '2026-01-06 17:22:50', '2026-01-06 17:22:50'),
(102, 'Economics Books', 'rare-economics-books', 'https://www.worldofbooks.com/collections/rare-economics-books', 102, NULL, 0, NULL, '2026-01-06 17:22:50', '2026-01-06 17:22:50'),
(103, 'Law Books', 'rare-law-books', 'https://www.worldofbooks.com/collections/rare-law-books', 103, NULL, 0, NULL, '2026-01-06 17:22:51', '2026-01-06 17:22:51'),
(104, 'Myths, Legends & Supernatural Books', 'rare-myths-legends-supernatural-books', 'https://www.worldofbooks.com/collections/rare-myths-legends-supernatural-books', 104, NULL, 0, NULL, '2026-01-06 17:22:51', '2026-01-06 17:22:51'),
(105, 'Antiques & Collectables Books', 'rare-antiques-collectables-books', 'https://www.worldofbooks.com/collections/rare-antiques-collectables-books', 105, NULL, 0, NULL, '2026-01-06 17:22:51', '2026-01-06 17:22:51'),
(106, 'Journals, Periodicals and Magazines', 'rare-journals-periodicals-and-magazines', 'https://www.worldofbooks.com/collections/rare-journals-periodicals-and-magazines', 106, NULL, 0, NULL, '2026-01-06 17:22:51', '2026-01-06 17:22:51'),
(107, 'Ephemera & Heritage', 'rare-ephemera', 'https://www.worldofbooks.com/collections/rare-ephemera', 107, NULL, 0, NULL, '2026-01-06 17:22:51', '2026-01-06 17:22:51'),
(108, 'Non-Fiction General', 'rare-non-fiction-general-books', 'https://www.worldofbooks.com/collections/rare-non-fiction-general-books', 108, NULL, 0, NULL, '2026-01-06 17:22:51', '2026-01-06 17:22:51')
ON CONFLICT (slug) DO NOTHING;

-- Import Products (329 items)
INSERT INTO product (id, title, slug, price, currency, "imageUrl", url, "categoryId", "createdAt", "updatedAt") VALUES
(1, 'The Seven Husbands of Evelyn Hugo', NULL, 4.28, 'GBP', 'https://image-server.worldofbooks.com/images/9781501161933.jpg', NULL, 3, '2026-01-07 16:24:25', '2026-01-08 20:12:20'),
(2, 'The Good Girl', NULL, 4.58, 'GBP', 'https://image-server.worldofbooks.com/images/9780778317760.jpg', NULL, 3, '2026-01-07 16:24:25', '2026-01-08 20:12:20'),
(3, 'In Five Years', NULL, 3.49, 'GBP', 'https://image-server.worldofbooks.com/images/9781982137458.jpg', NULL, 3, '2026-01-07 16:24:25', '2026-01-08 20:12:20'),
(4, 'All the Light We Cannot See', NULL, 4.38, 'GBP', 'https://image-server.worldofbooks.com/images/9781501173219.jpg', NULL, 3, '2026-01-07 16:24:25', '2026-01-08 20:12:20'),
(5, 'Verity', NULL, 4.58, 'GBP', 'https://image-server.worldofbooks.com/images/9781538724736.jpg?updatedAt=1763633805985', NULL, 3, '2026-01-07 16:24:25', '2026-01-08 20:12:20'),
(6, 'The Last Thing He Told Me', NULL, 4.98, 'GBP', 'https://image-server.worldofbooks.com/images/9781501171352.jpg?updatedAt=1767351500793', NULL, 3, '2026-01-07 16:24:25', '2026-01-08 20:12:20'),
(7, 'The Guest List', NULL, 4.88, 'GBP', 'https://image-server.worldofbooks.com/images/9780062868947.jpg', NULL, 3, '2026-01-07 16:24:25', '2026-01-08 20:12:20'),
(8, 'Then She Was Gone', NULL, 5.28, 'GBP', 'https://image-server.worldofbooks.com/images/9781501154652.jpg', NULL, 3, '2026-01-07 16:24:25', '2026-01-08 20:12:20'),
(9, 'The God of the Woods', NULL, 34.99, 'GBP', 'https://image-server.worldofbooks.com/images/9780593418918.jpg', NULL, 3, '2026-01-07 16:24:25', '2026-01-08 20:12:20'),
(10, 'The Housemaid', NULL, 9.18, 'GBP', 'https://image-server.worldofbooks.com/images/9781538742570.jpg', NULL, 3, '2026-01-07 16:24:25', '2026-01-08 20:12:20'),
(11, 'Lights Out', NULL, 8.78, 'GBP', 'https://image-server.worldofbooks.com/images/9781638932239.jpg', NULL, 3, '2026-01-07 16:24:25', '2026-01-08 20:12:20'),
(12, 'The Alchemist, 25th Anniversary: A Fable About Following Your Dream', NULL, 6.48, 'GBP', 'https://image-server.worldofbooks.com/images/9780062315007.jpg', NULL, 3, '2026-01-07 16:24:25', '2026-01-08 20:12:20'),
(13, 'To Kill a Mockingbird', NULL, 4.88, 'GBP', 'https://image-server.worldofbooks.com/images/9780060935467.jpg', NULL, 3, '2026-01-07 16:24:25', '2026-01-08 20:12:20'),
(14, 'People We Meet on Vacation', NULL, 13.99, 'GBP', 'https://image-server.worldofbooks.com/images/9781984806758.jpg', NULL, 3, '2026-01-07 16:24:25', '2026-01-08 20:12:20'),
(15, 'Reminders of Him', NULL, 3.49, 'GBP', 'https://image-server.worldofbooks.com/images/9781542025607.jpg', NULL, 3, '2026-01-07 16:24:25', '2026-01-08 20:12:20'),
(16, 'The House on Mango Street', NULL, 3.98, 'GBP', 'https://image-server.worldofbooks.com/images/9780679734772.jpg?updatedAt=1766139211422', NULL, 3, '2026-01-07 16:24:25', '2026-01-08 20:12:20'),
(17, 'A Court of Thorns and Roses', NULL, 7.78, 'GBP', 'https://image-server.worldofbooks.com/images/9781635575569.jpg', NULL, 3, '2026-01-07 16:24:25', '2026-01-08 20:12:20'),
(18, 'The Housemaid''s Secret', NULL, 27.99, 'GBP', 'https://image-server.worldofbooks.com/images/9780349132617.jpg', NULL, 3, '2026-01-07 16:24:25', '2026-01-08 20:12:20'),
(19, 'The Silent Patient', NULL, 4.78, 'GBP', 'https://image-server.worldofbooks.com/images/9781250301703.jpg', NULL, 3, '2026-01-07 16:24:25', '2026-01-08 20:12:20'),
(20, 'Something in the Water: Reese''s Book Club', NULL, 4.88, 'GBP', 'https://image-server.worldofbooks.com/images/9781524797676.jpg', NULL, 3, '2026-01-07 16:24:25', '2026-01-08 20:12:20'),
(21, 'A Man Called Ove', NULL, 3.88, 'GBP', 'https://image-server.worldofbooks.com/images/9781476738024.jpg', NULL, 2, '2026-01-07 16:24:25', '2026-01-07 16:24:25'),
(22, 'A Thousand Splendid Suns', NULL, 4.24, 'GBP', 'https://image-server.worldofbooks.com/images/9781594483851.jpg', NULL, 2, '2026-01-07 16:24:25', '2026-01-07 16:24:25'),
(23, 'Magic Hour', NULL, 5.33, 'GBP', 'https://image-server.worldofbooks.com/images/9780345522184.jpg', NULL, 2, '2026-01-07 16:24:25', '2026-01-07 16:24:25'),
(24, 'Little Fires Everywhere: Reese''s Book Club', NULL, 4.78, 'GBP', 'https://image-server.worldofbooks.com/images/9780735224315.jpg', NULL, 2, '2026-01-07 16:24:25', '2026-01-07 16:24:25'),
(25, 'The Midnight Library: A GMA Book Club Pick', NULL, 5.48, 'GBP', 'https://image-server.worldofbooks.com/images/9780525559474.jpg', NULL, 2, '2026-01-07 16:24:25', '2026-01-07 16:24:25'),
(26, 'The Goldfinch', NULL, 3.99, 'GBP', 'https://image-server.worldofbooks.com/images/9780316055437.jpg', NULL, 2, '2026-01-07 16:24:25', '2026-01-07 16:24:25'),
(27, 'Pachinko (National Book Award Finalist)', NULL, 7.53, 'GBP', 'https://image-server.worldofbooks.com/images/9781455563920.jpg', NULL, 2, '2026-01-07 16:24:25', '2026-01-07 16:24:25'),
(28, 'Never Let Me Go', NULL, 8.58, 'GBP', 'https://image-server.worldofbooks.com/images/9781400078776.jpg', NULL, 2, '2026-01-07 16:24:25', '2026-01-07 16:24:25'),
(29, 'Daisy Jones & The Six: Reese''s Book Club', NULL, 4.38, 'GBP', 'https://image-server.worldofbooks.com/images/9781524798642.jpg', NULL, 2, '2026-01-07 16:24:25', '2026-01-07 16:24:25'),
(30, 'The Handmaid''s Tale', NULL, 5.18, 'GBP', 'https://image-server.worldofbooks.com/images/9780385490818.jpg', NULL, 2, '2026-01-07 16:24:25', '2026-01-07 16:24:25'),
(31, 'All the Ugly and Wonderful Things', NULL, 6.28, 'GBP', 'https://image-server.worldofbooks.com/images/9781250153968.jpg', NULL, 2, '2026-01-07 16:24:25', '2026-01-07 16:24:25'),
(32, 'The Five People You Meet in Heaven', NULL, 3.39, 'GBP', 'https://image-server.worldofbooks.com/images/9781401308582.jpg', NULL, 2, '2026-01-07 16:24:25', '2026-01-07 16:24:25'),
(33, 'The Vanishing Half', NULL, 5.48, 'GBP', 'https://image-server.worldofbooks.com/images/9780525536963.jpg', NULL, 2, '2026-01-07 16:24:25', '2026-01-07 16:24:25'),
(34, 'Where the Forest Meets the Stars', NULL, 4.48, 'GBP', 'https://image-server.worldofbooks.com/images/9781503904910.jpg', NULL, 2, '2026-01-07 16:24:25', '2026-01-07 16:24:25'),
(35, 'One Hundred Years of Solitude', NULL, 7.78, 'GBP', 'https://image-server.worldofbooks.com/images/9780060883287.jpg', NULL, 2, '2026-01-07 16:24:25', '2026-01-07 16:24:25'),
(36, 'The Bluest Eye', NULL, 15.99, 'GBP', 'https://image-server.worldofbooks.com/images/9780307278449.jpg?updatedAt=1765447972041', NULL, 2, '2026-01-07 16:24:26', '2026-01-07 16:24:26'),
(37, 'Home Front', NULL, 4.78, 'GBP', 'https://image-server.worldofbooks.com/images/9781250858238.jpg', NULL, 2, '2026-01-07 16:24:26', '2026-01-07 16:24:26'),
(38, 'The Great Alone', NULL, 19, 'GBP', 'https://image-server.worldofbooks.com/images/9781250229533.jpg', NULL, 2, '2026-01-07 16:24:26', '2026-01-07 16:24:26'),
(39, 'God of Pain', NULL, 4.88, 'GBP', 'https://image-server.worldofbooks.com/images/9781685452032.jpg', NULL, 7, '2026-01-07 16:24:26', '2026-01-08 07:56:12'),
(40, 'Things We Never Got Over', NULL, 4.48, 'GBP', 'https://image-server.worldofbooks.com/images/9781945631832.jpg', NULL, 7, '2026-01-07 16:24:26', '2026-01-08 07:56:12'),
(41, 'Twisted Love', NULL, 10, 'GBP', 'https://image-server.worldofbooks.com/images/9781728274867.jpg', NULL, 7, '2026-01-07 16:24:26', '2026-01-08 07:56:12'),
(42, 'Icebreaker', NULL, 4.78, 'GBP', 'https://image-server.worldofbooks.com/images/9781668026038.jpg', NULL, 7, '2026-01-07 16:24:26', '2026-01-08 07:56:12'),
(43, 'Does It Hurt?', NULL, 6.38, 'GBP', 'https://image-server.worldofbooks.com/images/9781957635026.jpg', NULL, 2, '2026-01-07 16:24:26', '2026-01-07 16:24:26'),
(44, 'Things We Hide from the Light', NULL, 33.99, 'GBP', 'https://image-server.worldofbooks.com/images/9781728276113.jpg', NULL, 7, '2026-01-07 16:24:26', '2026-01-08 07:56:12'),
(45, 'Deep End', NULL, 7.48, 'GBP', 'https://image-server.worldofbooks.com/images/9780593550441.jpg', NULL, 7, '2026-01-07 16:24:26', '2026-01-08 07:56:12'),
(46, 'Archer''s Voice', NULL, 6.38, 'GBP', 'https://image-server.worldofbooks.com/images/9781538727355.jpg', NULL, 7, '2026-01-07 16:24:26', '2026-01-08 07:56:12'),
(47, 'Book Lovers', NULL, 4.09, 'GBP', 'https://image-server.worldofbooks.com/images/9780593334836.jpg', NULL, 7, '2026-01-07 16:24:26', '2026-01-08 07:56:12'),
(48, 'Throttled (Deluxe Edition)', NULL, 4.68, 'GBP', 'https://image-server.worldofbooks.com/images/9781464227615.jpg', NULL, 7, '2026-01-07 16:24:26', '2026-01-08 07:56:12'),
(49, 'Terms and Conditions', NULL, 6.98, 'GBP', 'https://image-server.worldofbooks.com/images/9781737507734.jpg', NULL, 7, '2026-01-07 16:24:26', '2026-01-08 07:56:13'),
(50, 'The Deal', NULL, 4.38, 'GBP', 'https://image-server.worldofbooks.com/images/9781775293934.jpg', NULL, 7, '2026-01-07 16:24:26', '2026-01-08 07:56:13'),
(51, 'Beach Read', NULL, 4.58, 'GBP', 'https://image-server.worldofbooks.com/images/9781984806734.jpg?updatedAt=1766138748096', NULL, 7, '2026-01-07 16:24:26', '2026-01-08 07:56:13'),
(52, 'Twisted Games', NULL, 19.99, 'GBP', 'https://image-server.worldofbooks.com/images/9781728274874.jpg', NULL, 7, '2026-01-07 16:24:26', '2026-01-08 07:56:13'),
(53, 'Praise', NULL, 16.99, 'GBP', 'https://image-server.worldofbooks.com/images/9781728282138.jpg', NULL, 7, '2026-01-07 16:24:26', '2026-01-08 07:56:13'),
(54, 'My Dark Romeo', NULL, 18.49, 'GBP', 'https://image-server.worldofbooks.com/images/9781950209071.jpg', NULL, 7, '2026-01-07 16:24:26', '2026-01-08 07:56:13'),
(55, 'Hooked', NULL, 8.58, 'GBP', 'https://image-server.worldofbooks.com/images/9781737508373.jpg', NULL, 7, '2026-01-07 16:24:26', '2026-01-08 07:56:13'),
(56, 'Happy Place', NULL, 5.22, 'GBP', 'https://image-server.worldofbooks.com/images/9780593441190.jpg', NULL, 7, '2026-01-07 16:24:26', '2026-01-08 07:56:12'),
(57, 'King of Sloth', NULL, 17.99, 'GBP', 'https://image-server.worldofbooks.com/images/9781728289755.jpg', NULL, 7, '2026-01-07 16:24:26', '2026-01-08 07:56:13'),
(58, 'Pieces of Her', NULL, 5.28, 'GBP', 'https://image-server.worldofbooks.com/images/9780062883094.jpg', NULL, 4, '2026-01-07 16:24:26', '2026-01-08 07:58:11'),
(59, 'All Good People Here', NULL, 3.88, 'GBP', 'https://image-server.worldofbooks.com/images/9780593496497.jpg', NULL, 4, '2026-01-07 16:24:26', '2026-01-08 07:58:11'),
(60, 'The Stranger', NULL, 4.98, 'GBP', 'https://image-server.worldofbooks.com/images/9780451414137.jpg', NULL, 4, '2026-01-07 16:24:26', '2026-01-08 07:58:11'),
(61, 'The Maid: A GMA Book Club Pick', NULL, 4.58, 'GBP', 'https://image-server.worldofbooks.com/images/9780593356173.jpg', NULL, 4, '2026-01-07 16:24:26', '2026-01-08 07:58:11'),
(62, 'The Life We Bury', NULL, 3.99, 'GBP', 'https://image-server.worldofbooks.com/images/9781616149987.jpg', NULL, 4, '2026-01-07 16:24:26', '2026-01-08 07:58:11'),
(63, 'The Night Fire', NULL, 4.28, 'GBP', 'https://image-server.worldofbooks.com/images/9781538733721.jpg', NULL, 4, '2026-01-07 16:24:26', '2026-01-08 07:58:11'),
(64, 'The Kept Woman', NULL, 4.88, 'GBP', 'https://image-server.worldofbooks.com/images/9780062430229.jpg', NULL, 4, '2026-01-07 16:24:26', '2026-01-08 07:58:11'),
(65, 'The Good Daughter', NULL, 4.39, 'GBP', 'https://image-server.worldofbooks.com/images/9780062430250.jpg', NULL, 4, '2026-01-07 16:24:26', '2026-01-08 07:58:11'),
(66, 'After That Night', NULL, 4.58, 'GBP', 'https://image-server.worldofbooks.com/images/9780063157798.jpg', NULL, 4, '2026-01-07 16:24:26', '2026-01-08 07:58:11'),
(67, 'Everyone on This Train Is a Suspect', NULL, 5.98, 'GBP', 'https://image-server.worldofbooks.com/images/9780063279087.jpg', NULL, 4, '2026-01-07 16:24:26', '2026-01-08 07:58:11'),
(68, 'The Word Is Murder', NULL, 4.38, 'GBP', 'https://image-server.worldofbooks.com/images/9780062676801.jpg', NULL, 4, '2026-01-07 16:24:26', '2026-01-08 07:58:12'),
(69, 'Darkly Dreaming Dexter', NULL, 3.97, 'GBP', 'https://image-server.worldofbooks.com/images/9780307277886.jpg', NULL, 4, '2026-01-07 16:24:26', '2026-01-08 07:58:12'),
(70, 'The Daughter of Sherlock Holmes', NULL, 4.18, 'GBP', 'https://image-server.worldofbooks.com/images/9781250181244.jpg', NULL, 4, '2026-01-07 16:24:26', '2026-01-08 07:58:12'),
(71, 'And Then There Were None', NULL, 5.58, 'GBP', 'https://image-server.worldofbooks.com/images/9780062073488.jpg', NULL, 4, '2026-01-07 16:24:26', '2026-01-08 07:58:12'),
(72, 'Murder Your Employer', NULL, 4.58, 'GBP', 'https://image-server.worldofbooks.com/images/9781451648225.jpg', NULL, 4, '2026-01-07 16:24:26', '2026-01-08 07:58:11'),
(73, 'The Thursday Murder Club', NULL, 5.78, 'GBP', 'https://image-server.worldofbooks.com/images/9781984880987.jpg', NULL, 4, '2026-01-07 16:24:26', '2026-01-08 07:58:12'),
(74, 'We Begin at the End', NULL, 5.28, 'GBP', 'https://image-server.worldofbooks.com/images/9781250759689.jpg', NULL, 4, '2026-01-07 16:24:26', '2026-01-08 07:58:12'),
(75, '2 Sisters Murder Investigations', NULL, 5.68, 'GBP', 'https://image-server.worldofbooks.com/images/9781538758472.jpg', NULL, 4, '2026-01-07 16:24:26', '2026-01-08 07:58:11'),
(76, 'Listen for the Lie', NULL, 34.99, 'GBP', 'https://image-server.worldofbooks.com/images/9781250880314.jpg', NULL, 4, '2026-01-07 16:24:26', '2026-01-08 07:58:12'),
(77, 'Murder by Cheesecake', NULL, 16.69, 'GBP', 'https://image-server.worldofbooks.com/images/9781368102988.jpg', NULL, 4, '2026-01-07 16:24:26', '2026-01-08 07:58:12'),
(78, 'When No One Is Watching', NULL, 4.48, 'GBP', 'https://image-server.worldofbooks.com/images/9780062982650.jpg', NULL, 2, '2026-01-07 16:24:26', '2026-01-07 16:24:26'),
(79, 'Wrong Place Wrong Time', NULL, 4.75, 'GBP', 'https://image-server.worldofbooks.com/images/9780063252356.jpg', NULL, 2, '2026-01-07 16:24:26', '2026-01-07 16:24:26'),
(80, 'All the Missing Girls', NULL, 4.78, 'GBP', 'https://image-server.worldofbooks.com/images/9781501107979.jpg', NULL, 2, '2026-01-07 16:24:26', '2026-01-07 16:24:26'),
(81, 'Behind Closed Doors', NULL, 4.38, 'GBP', 'https://image-server.worldofbooks.com/images/9781250132369.jpg', NULL, 2, '2026-01-07 16:24:26', '2026-01-07 16:24:26'),
(82, 'The House Across the Lake', NULL, 3.94, 'GBP', 'https://image-server.worldofbooks.com/images/9780593183212.jpg', NULL, 2, '2026-01-07 16:24:26', '2026-01-07 16:24:26'),
(83, 'The House in the Pines: Reese''s Book Club', NULL, 3.99, 'GBP', 'https://image-server.worldofbooks.com/images/9780593186732.jpg', NULL, 2, '2026-01-07 16:24:26', '2026-01-07 16:24:26'),
(84, 'The Chain', NULL, 4.68, 'GBP', 'https://image-server.worldofbooks.com/images/9780316531238.jpg', NULL, 2, '2026-01-07 16:24:26', '2026-01-07 16:24:26'),
(85, 'The Couple Next Door', NULL, 4.08, 'GBP', 'https://image-server.worldofbooks.com/images/9780735221109.jpg?updatedAt=1764239094521', NULL, 2, '2026-01-07 16:24:26', '2026-01-07 16:24:26'),
(86, 'Gone Girl', NULL, 4.28, 'GBP', 'https://image-server.worldofbooks.com/images/9780307588371.jpg', NULL, 2, '2026-01-07 16:24:26', '2026-01-07 16:24:26'),
(87, 'The Paris Apartment', NULL, 4.58, 'GBP', 'https://image-server.worldofbooks.com/images/9780063003064.jpg', NULL, 2, '2026-01-07 16:24:26', '2026-01-07 16:24:26'),
(88, 'Just the Nicest Couple', NULL, 4.08, 'GBP', 'https://image-server.worldofbooks.com/images/9780778334064.jpg', NULL, 2, '2026-01-07 16:24:26', '2026-01-07 16:24:26'),
(89, 'The Summer House', NULL, 4.38, 'GBP', 'https://image-server.worldofbooks.com/images/9781538752845.jpg', NULL, 2, '2026-01-07 16:24:26', '2026-01-07 16:24:26'),
(90, 'Local Woman Missing', NULL, 4.02, 'GBP', 'https://image-server.worldofbooks.com/images/9780778311669.jpg', NULL, 2, '2026-01-07 16:24:26', '2026-01-07 16:24:26'),
(91, 'The Hunting Party', NULL, 4.58, 'GBP', 'https://image-server.worldofbooks.com/images/9780062868916.jpg', NULL, 2, '2026-01-07 16:24:26', '2026-01-07 16:24:26'),
(92, 'The Teacher', NULL, 4.88, 'GBP', 'https://image-server.worldofbooks.com/images/9781728296210.jpg', NULL, 2, '2026-01-07 16:24:26', '2026-01-07 16:24:26'),
(93, 'The Kitchen House', NULL, 4.88, 'GBP', 'https://image-server.worldofbooks.com/images/9781439153666.jpg', NULL, 2, '2026-01-07 16:24:26', '2026-01-07 16:24:26'),
(94, 'Cilka''s Journey', NULL, 4.38, 'GBP', 'https://image-server.worldofbooks.com/images/9781250265692.jpg', NULL, 2, '2026-01-07 16:24:26', '2026-01-07 16:24:26'),
(95, 'The Tattooist of Auschwitz [Movie-Tie-In]', NULL, 10, 'GBP', 'https://image-server.worldofbooks.com/images/9780063413108.jpg', NULL, 2, '2026-01-07 16:24:26', '2026-01-07 16:24:26'),
(96, 'The Nightingale', NULL, 7.51, 'GBP', 'https://image-server.worldofbooks.com/images/9781250080400.jpg', NULL, 3, '2026-01-07 16:24:26', '2026-01-08 20:12:20'),
(97, 'The Book of Lost Names', NULL, 4.39, 'GBP', 'https://image-server.worldofbooks.com/images/9781982131906.jpg', NULL, 2, '2026-01-07 16:24:26', '2026-01-07 16:24:26'),
(98, 'We Were the Lucky Ones', NULL, 5.08, 'GBP', 'https://image-server.worldofbooks.com/images/9780399563096.jpg', NULL, 2, '2026-01-07 16:24:26', '2026-01-07 16:24:26'),
(99, 'The Forest of Vanishing Stars', NULL, 6.18, 'GBP', 'https://image-server.worldofbooks.com/images/9781982158941.jpg', NULL, 2, '2026-01-07 16:24:26', '2026-01-07 16:24:26'),
(100, 'The Last Train to London', NULL, 5.08, 'GBP', 'https://image-server.worldofbooks.com/images/9780062946942.jpg', NULL, 2, '2026-01-07 16:24:27', '2026-01-07 16:24:27')
ON CONFLICT (id) DO NOTHING;

INSERT INTO product (id, title, slug, price, currency, "imageUrl", url, "categoryId", "createdAt", "updatedAt") VALUES
(101, 'The Rose Code', NULL, 18.99, 'GBP', 'https://image-server.worldofbooks.com/images/9780062943477.jpg', NULL, 2, '2026-01-07 16:24:27', '2026-01-07 16:24:27'),
(102, 'The Heaven and Earth Grocery Store', NULL, 25.09, 'GBP', 'https://image-server.worldofbooks.com/images/9780593422946.jpg', NULL, 2, '2026-01-07 16:24:27', '2026-01-07 16:24:27'),
(103, 'The Dictionary of Lost Words: Reese''s Book Club', NULL, 5.58, 'GBP', 'https://image-server.worldofbooks.com/images/9781984820747.jpg', NULL, 2, '2026-01-07 16:24:27', '2026-01-07 16:24:27'),
(104, 'Homecoming', NULL, 10, 'GBP', 'https://image-server.worldofbooks.com/images/9780063020900.jpg', NULL, 2, '2026-01-07 16:24:27', '2026-01-07 16:24:27'),
(105, 'One Thousand White Women', NULL, 4.08, 'GBP', 'https://image-server.worldofbooks.com/images/9780312199432.jpg', NULL, 2, '2026-01-07 16:24:27', '2026-01-07 16:24:27'),
(106, 'Lincoln in the Bardo', NULL, 5.68, 'GBP', 'https://image-server.worldofbooks.com/images/9780812985405.jpg', NULL, 2, '2026-01-07 16:24:27', '2026-01-07 16:24:27'),
(107, 'A Gentleman in Moscow', NULL, 5.58, 'GBP', 'https://image-server.worldofbooks.com/images/9780143110439.jpg', NULL, 2, '2026-01-07 16:24:27', '2026-01-07 16:24:27'),
(108, 'My Dear Hamilton', NULL, 4.78, 'GBP', 'https://image-server.worldofbooks.com/images/9780062466167.jpg', NULL, 2, '2026-01-07 16:24:27', '2026-01-07 16:24:27'),
(109, 'Yellow Crocus', NULL, 6.38, 'GBP', 'https://image-server.worldofbooks.com/images/9781477824757.jpg', NULL, 2, '2026-01-07 16:24:27', '2026-01-07 16:24:27'),
(110, 'Carnegie''s Maid', NULL, 3.99, 'GBP', 'https://image-server.worldofbooks.com/images/9781492662709.jpg', NULL, 2, '2026-01-07 16:24:27', '2026-01-07 16:24:27'),
(111, 'The Book of Longings', NULL, 6.08, 'GBP', 'https://image-server.worldofbooks.com/images/9780143111399.jpg', NULL, 2, '2026-01-07 16:24:27', '2026-01-07 16:24:27'),
(112, 'The Alice Network', NULL, 5.08, 'GBP', 'https://image-server.worldofbooks.com/images/9780062654199.jpg', NULL, 8, '2026-01-07 17:47:06', '2026-01-07 17:47:06'),
(113, 'The Last Bookshop in London', NULL, 5.98, 'GBP', 'https://image-server.worldofbooks.com/images/9781335284808.jpg', NULL, 8, '2026-01-07 17:47:06', '2026-01-07 17:47:06'),
(114, 'Life of Pi', NULL, 2.99, 'GBP', 'https://image-server.worldofbooks.com/images/9780156027328.jpg', NULL, 8, '2026-01-07 17:47:06', '2026-01-07 17:47:06'),
(115, 'Beneath a Scarlet Sky', NULL, 6.08, 'GBP', 'https://image-server.worldofbooks.com/images/9781503943377.jpg', NULL, 8, '2026-01-07 17:47:06', '2026-01-07 17:47:06'),
(116, 'The Nature of Fragile Things', NULL, 7.18, 'GBP', 'https://image-server.worldofbooks.com/images/9780451492197.jpg', NULL, 8, '2026-01-07 17:47:06', '2026-01-07 17:47:06'),
(117, 'Ready Player One', NULL, 4.58, 'GBP', 'https://image-server.worldofbooks.com/images/9780307887443.jpg', NULL, 8, '2026-01-07 17:47:06', '2026-01-07 17:47:06'),
(118, 'Lord of the Flies', NULL, 9.08, 'GBP', 'https://image-server.worldofbooks.com/images/9780143129400.jpg', NULL, 8, '2026-01-07 17:47:06', '2026-01-07 17:47:06'),
(119, 'The Ultimate Hitchhiker''s Guide to the Galaxy', NULL, 7.58, 'GBP', 'https://image-server.worldofbooks.com/images/9780345453747.jpg', NULL, 8, '2026-01-07 17:47:06', '2026-01-07 17:47:06'),
(120, 'The Horsewoman', NULL, 4.08, 'GBP', 'https://image-server.worldofbooks.com/images/9781538752937.jpg', NULL, 8, '2026-01-07 17:47:06', '2026-01-07 17:47:06'),
(121, 'Jurassic Park', NULL, 10.99, 'GBP', 'https://image-server.worldofbooks.com/images/9780345538987.jpg', NULL, 8, '2026-01-07 17:47:06', '2026-01-07 17:47:06'),
(122, 'Sisters of Fortune', NULL, 4.58, 'GBP', 'https://image-server.worldofbooks.com/images/9781496742698.jpg', NULL, 8, '2026-01-07 17:47:07', '2026-01-07 17:47:07'),
(123, 'A Short Walk Through a Wide World', NULL, 27.99, 'GBP', 'https://image-server.worldofbooks.com/images/9781668026069.jpg', NULL, 8, '2026-01-07 17:47:07', '2026-01-07 17:47:07'),
(124, 'Texas Ranger', NULL, 4.38, 'GBP', 'https://image-server.worldofbooks.com/images/9781538713877.jpg', NULL, 8, '2026-01-07 17:47:07', '2026-01-07 17:47:07'),
(125, 'Dead of Winter', NULL, 13.88, 'GBP', 'https://image-server.worldofbooks.com/images/9781728270258.jpg', NULL, 8, '2026-01-07 17:47:07', '2026-01-07 17:47:07'),
(126, 'Leviathan Wakes', NULL, 6.55, 'GBP', 'https://image-server.worldofbooks.com/images/9780316129084.jpg', NULL, 8, '2026-01-07 17:47:07', '2026-01-07 17:47:07'),
(127, 'The Edge of Nowhere', NULL, 4.58, 'GBP', 'https://image-server.worldofbooks.com/images/9780786051199.jpg', NULL, 8, '2026-01-07 17:47:07', '2026-01-07 17:47:07'),
(128, 'The Revenant', NULL, 4.68, 'GBP', 'https://image-server.worldofbooks.com/images/9781250101198.jpg', NULL, 8, '2026-01-07 17:47:07', '2026-01-07 17:47:07'),
(129, 'Lonesome Dove', NULL, 23.18, 'GBP', 'https://image-server.worldofbooks.com/images/9781439195260.jpg', NULL, 8, '2026-01-07 17:47:07', '2026-01-07 17:47:07'),
(130, 'Fire & Blood', NULL, 5.78, 'GBP', 'https://image-server.worldofbooks.com/images/9781524796280.jpg', NULL, 8, '2026-01-07 17:47:07', '2026-01-07 17:47:07'),
(131, 'Dead Man''s Walk', NULL, 13.75, 'GBP', 'https://image-server.worldofbooks.com/images/9780684857541.jpg', NULL, 8, '2026-01-07 17:47:07', '2026-01-07 17:47:07'),
(132, 'Perelandra', NULL, 17.49, 'GBP', 'https://image-server.worldofbooks.com/images/9780743234917.jpg', NULL, 8, '2026-01-07 17:47:07', '2026-01-07 17:47:07'),
(133, 'Caliban''s War', NULL, 7.44, 'GBP', 'https://image-server.worldofbooks.com/images/9780316129060.jpg', NULL, 8, '2026-01-07 17:47:07', '2026-01-07 17:47:07'),
(134, 'The Grace of Kings', NULL, 35.99, 'GBP', 'https://image-server.worldofbooks.com/images/9781481424288.jpg', NULL, 8, '2026-01-07 17:47:07', '2026-01-07 17:47:07'),
(135, 'The Night Trilogy', NULL, 6.38, 'GBP', 'https://image-server.worldofbooks.com/images/9780809073641.jpg', NULL, 8, '2026-01-07 17:47:07', '2026-01-07 17:47:07'),
(136, 'Abaddon''s Gate', NULL, 7.58, 'GBP', 'https://image-server.worldofbooks.com/images/9780316129077.jpg', NULL, 8, '2026-01-07 17:47:07', '2026-01-07 17:47:07'),
(137, 'Clive Cussler Ghost Soldier', NULL, 6.48, 'GBP', 'https://image-server.worldofbooks.com/images/9780593719275.jpg', NULL, 8, '2026-01-07 17:47:07', '2026-01-07 17:47:07'),
(138, 'Clive Cussler The Iron Storm', NULL, 15.48, 'GBP', 'https://image-server.worldofbooks.com/images/9780593853566.jpg?updatedAt=1766142051625', NULL, 8, '2026-01-07 17:47:07', '2026-01-07 17:47:07'),
(139, 'The Last Green Valley', NULL, 7.48, 'GBP', 'https://image-server.worldofbooks.com/images/9781503958746.jpg', NULL, 8, '2026-01-07 17:47:07', '2026-01-07 17:47:07'),
(140, 'A Clash of Kings', NULL, 5.18, 'GBP', 'https://image-server.worldofbooks.com/images/9780553381696.jpg', NULL, 8, '2026-01-07 17:47:07', '2026-01-07 17:47:07'),
(141, 'Tree of Smoke', NULL, 13.39, 'GBP', 'https://image-server.worldofbooks.com/images/9780312427740.jpg', NULL, 8, '2026-01-07 17:47:07', '2026-01-07 17:47:07'),
(142, 'Faulty Bloodline', NULL, 13.58, 'GBP', 'https://image-server.worldofbooks.com/images/9781685133832.jpg', NULL, 8, '2026-01-07 17:47:07', '2026-01-07 17:47:07'),
(143, 'The Turner Diaries', NULL, 35.65, 'GBP', 'https://image-server.worldofbooks.com/images/9781737116929.jpg', NULL, 8, '2026-01-07 17:47:07', '2026-01-07 17:47:07'),
(144, 'Inferno', NULL, 4.18, 'GBP', 'https://image-server.worldofbooks.com/images/9780385537858.jpg', NULL, 8, '2026-01-07 17:47:07', '2026-01-07 17:47:07'),
(145, 'Clive Cussler The Corsican Shadow', NULL, 4.38, 'GBP', 'https://image-server.worldofbooks.com/images/9780593544198.jpg', NULL, 8, '2026-01-07 17:47:07', '2026-01-07 17:47:07'),
(146, 'Vanished', NULL, 13.75, 'GBP', 'https://image-server.worldofbooks.com/images/9781400350735.jpg', NULL, 8, '2026-01-07 17:47:07', '2026-01-07 17:47:07'),
(147, 'The Things They Carried', NULL, 25.99, 'GBP', 'https://image-server.worldofbooks.com/images/9780547391175.jpg', NULL, 8, '2026-01-07 17:47:07', '2026-01-07 17:47:07'),
(148, 'Minor Detail', NULL, 12.14, 'GBP', 'https://image-server.worldofbooks.com/images/9780811229074.jpg', NULL, 8, '2026-01-07 17:47:07', '2026-01-07 17:47:07'),
(149, 'To Tame a Land', NULL, 4.28, 'GBP', 'https://image-server.worldofbooks.com/images/9780553280319.jpg', NULL, 8, '2026-01-07 17:47:07', '2026-01-07 17:47:07'),
(150, 'Sin City Treachery', NULL, 15.48, 'GBP', 'https://image-server.worldofbooks.com/images/9781685134310.jpg', NULL, 8, '2026-01-07 17:47:07', '2026-01-07 17:47:07'),
(151, 'Beneath a Scarlet Sky', NULL, 7.18, 'GBP', 'https://image-server.worldofbooks.com/images/9781503902374.jpg', NULL, 8, '2026-01-07 17:47:07', '2026-01-07 17:47:07'),
(152, 'King of Wrath', NULL, 5.47, 'GBP', 'https://image-server.worldofbooks.com/images/9781728289724.jpg', NULL, 7, '2026-01-08 07:56:13', '2026-01-08 07:56:13'),
(153, 'A Thousand Broken Pieces', NULL, 6.99, 'GBP', 'https://image-server.worldofbooks.com/images/9781728297095.jpg', NULL, 7, '2026-01-08 07:56:13', '2026-01-08 07:56:13'),
(154, 'Birthday Girl', NULL, 10, 'GBP', 'https://image-server.worldofbooks.com/images/9780593641965.jpg', NULL, 7, '2026-01-08 07:56:13', '2026-01-08 07:56:13'),
(155, 'Twisted Lies', NULL, 24.99, 'GBP', 'https://image-server.worldofbooks.com/images/9781728274898.jpg', NULL, 7, '2026-01-08 07:56:13', '2026-01-08 07:56:13'),
(156, 'Things We Left Behind', NULL, 6.88, 'GBP', 'https://image-server.worldofbooks.com/images/9781728276120.jpg', NULL, 7, '2026-01-08 07:56:13', '2026-01-08 07:56:13'),
(157, 'Ugly Love', NULL, 4.28, 'GBP', 'https://image-server.worldofbooks.com/images/9781476753188.jpg', NULL, 7, '2026-01-08 07:56:13', '2026-01-08 07:56:13'),
(158, 'Wild Card (Deluxe Edition)', NULL, 11.28, 'GBP', 'https://image-server.worldofbooks.com/images/9781464220845.jpg', NULL, 7, '2026-01-08 07:56:14', '2026-01-08 07:56:14'),
(159, 'Wild Eyes (Deluxe Edition)', NULL, 10.96, 'GBP', 'https://image-server.worldofbooks.com/images/9781464220821.jpg', NULL, 7, '2026-01-08 07:56:14', '2026-01-08 07:56:14'),
(160, 'Regretting You', NULL, 12.92, 'GBP', 'https://image-server.worldofbooks.com/images/9781542016421.jpg', NULL, 7, '2026-01-08 07:56:14', '2026-01-08 07:56:14'),
(161, 'Fourth Wing Sprayed Edges', NULL, 11, 'GBP', 'https://image-server.worldofbooks.com/images/9781649377371.jpg', NULL, 7, '2026-01-08 07:56:14', '2026-01-08 07:56:14'),
(162, 'Quicksilver', NULL, 14.96, 'GBP', 'https://image-server.worldofbooks.com/images/9781538774199.jpg', NULL, 7, '2026-01-08 07:56:14', '2026-01-08 07:56:14'),
(163, 'Onyx Storm (Standard Edition)', NULL, 13.38, 'GBP', 'https://image-server.worldofbooks.com/images/9781649377159.jpg', NULL, 7, '2026-01-08 07:56:14', '2026-01-08 07:56:14'),
(164, 'The Seven Year Slip', NULL, 25.99, 'GBP', 'https://image-server.worldofbooks.com/images/9780593336502.jpg', NULL, 7, '2026-01-08 07:56:14', '2026-01-08 07:56:14'),
(165, 'One Golden Summer', NULL, 6.77, 'GBP', 'https://image-server.worldofbooks.com/images/9780593638910.jpg', NULL, 7, '2026-01-08 07:56:14', '2026-01-08 07:56:14'),
(166, 'Great Big Beautiful Life: Reese''s Book Club', NULL, 12.68, 'GBP', 'https://image-server.worldofbooks.com/images/9780593441299.jpg', NULL, 7, '2026-01-08 07:56:14', '2026-01-08 07:56:14'),
(167, 'Before I Let Go', NULL, 6.98, 'GBP', 'https://image-server.worldofbooks.com/images/9781538706794.jpg', NULL, 7, '2026-01-08 07:56:14', '2026-01-08 07:56:14'),
(168, 'The Wife Before', NULL, 7.68, 'GBP', 'https://image-server.worldofbooks.com/images/9781496731111.jpg', NULL, 7, '2026-01-08 07:56:14', '2026-01-08 07:56:14'),
(169, 'The Love Hypothesis', NULL, 20.99, 'GBP', 'https://image-server.worldofbooks.com/images/9780593336823.jpg', NULL, 7, '2026-01-08 07:56:14', '2026-01-08 07:56:14'),
(170, 'Yours Truly', NULL, 15.99, 'GBP', 'https://image-server.worldofbooks.com/images/9781538704394.jpg', NULL, 7, '2026-01-08 07:56:14', '2026-01-08 07:56:14'),
(171, 'Say You''ll Remember Me', NULL, 7.43, 'GBP', 'https://image-server.worldofbooks.com/images/9781538759196.jpg', NULL, 7, '2026-01-08 07:56:15', '2026-01-08 07:56:15'),
(172, 'Behind Her Eyes', NULL, 23.99, 'GBP', 'https://image-server.worldofbooks.com/images/9781250111197.jpg', NULL, 4, '2026-01-08 07:58:11', '2026-01-08 07:58:11'),
(173, 'The 19th Christmas', NULL, 4.58, 'GBP', 'https://image-server.worldofbooks.com/images/9781538715949.jpg', NULL, 4, '2026-01-08 07:58:11', '2026-01-08 07:58:11'),
(174, 'Pretty Girls', NULL, 6.61, 'GBP', 'https://image-server.worldofbooks.com/images/9780062499554.jpg', NULL, 4, '2026-01-08 07:58:11', '2026-01-08 07:58:11'),
(175, 'Everyone in My Family Has Killed Someone', NULL, 4.02, 'GBP', 'https://image-server.worldofbooks.com/images/9780063279032.jpg', NULL, 4, '2026-01-08 07:58:12', '2026-01-08 07:58:12'),
(176, 'Vera Wong''s Guide to Snooping (on a Dead Man)', NULL, 11.08, 'GBP', 'https://image-server.worldofbooks.com/images/9780593546253.jpg', NULL, 4, '2026-01-08 07:58:12', '2026-01-08 07:58:12'),
(177, 'Vera Wong''s Unsolicited Advice for Murderers', NULL, 8.86, 'GBP', 'https://image-server.worldofbooks.com/images/9780593549223.jpg', NULL, 4, '2026-01-08 07:58:12', '2026-01-08 07:58:12'),
(178, 'Everyone This Christmas Has a Secret', NULL, 19.99, 'GBP', 'https://image-server.worldofbooks.com/images/9780063412866.jpg', NULL, 4, '2026-01-08 07:58:12', '2026-01-08 07:58:12'),
(179, 'The Girl on the Train', NULL, 4.78, 'GBP', 'https://image-server.worldofbooks.com/images/9781594634024.jpg', NULL, 4, '2026-01-08 07:58:12', '2026-01-08 07:58:12'),
(180, 'The Missing Half', NULL, 11.82, 'GBP', 'https://image-server.worldofbooks.com/images/9780593726983.jpg', NULL, 4, '2026-01-08 07:58:12', '2026-01-08 07:58:12'),
(181, 'Perfume', NULL, 8.88, 'GBP', 'https://image-server.worldofbooks.com/images/9780375725845.jpg', NULL, 4, '2026-01-08 07:58:12', '2026-01-08 07:58:12'),
(182, 'The Man Who Died Twice', NULL, 16.49, 'GBP', 'https://image-server.worldofbooks.com/images/9781984881014.jpg', NULL, 4, '2026-01-08 07:58:12', '2026-01-08 07:58:12'),
(183, 'The Hallmarked Man', NULL, 16.08, 'GBP', 'https://image-server.worldofbooks.com/images/9780316586009.jpg?updatedAt=1766139888649', NULL, 4, '2026-01-08 07:58:12', '2026-01-08 07:58:12'),
(184, 'The King''s Ransom', NULL, 14.98, 'GBP', 'https://image-server.worldofbooks.com/images/9781668027479.jpg', NULL, 4, '2026-01-08 07:58:12', '2026-01-08 07:58:12'),
(185, 'The Color of Death: A Novel', NULL, 21.82, 'GBP', 'https://image-server.worldofbooks.com/images/9780063451919.jpg', NULL, 4, '2026-01-08 07:58:12', '2026-01-08 07:58:12'),
(186, 'Nightshade', NULL, 8.22, 'GBP', 'https://image-server.worldofbooks.com/images/9780316588485.jpg', NULL, 4, '2026-01-08 07:58:12', '2026-01-08 07:58:12'),
(187, 'All the Pretty Horses', NULL, 4.98, 'GBP', 'https://image-server.worldofbooks.com/images/9780679744399.jpg', NULL, 4, '2026-01-08 07:58:12', '2026-01-08 07:58:12'),
(188, 'Twisted', NULL, 7.15, 'GBP', 'https://image-server.worldofbooks.com/images/9781728275840.jpg', NULL, 4, '2026-01-08 07:58:12', '2026-01-08 07:58:12'),
(189, 'Murder on the Orient Express', NULL, 4.88, 'GBP', 'https://image-server.worldofbooks.com/images/9780062073501.jpg', NULL, 4, '2026-01-08 07:58:12', '2026-01-08 07:58:12'),
(190, 'Fever Beach', NULL, 7.68, 'GBP', 'https://image-server.worldofbooks.com/images/9780593320945.jpg', NULL, 4, '2026-01-08 07:58:12', '2026-01-08 07:58:12'),
(191, 'The Secret Christmas Library', NULL, 9.28, 'GBP', 'https://image-server.worldofbooks.com/images/9780063437371.jpg', NULL, 4, '2026-01-08 07:58:12', '2026-01-08 07:58:12'),
(192, 'A Lineage of Grace', NULL, 3.99, 'GBP', 'https://image-server.worldofbooks.com/images/9780842356329.jpg', NULL, 17, '2026-01-08 18:27:53', '2026-01-08 18:27:53'),
(193, 'Cloaked in Beauty', NULL, 8.88, 'GBP', 'https://image-server.worldofbooks.com/images/9780764240430.jpg', NULL, 17, '2026-01-08 18:27:53', '2026-01-08 18:27:53'),
(194, 'The Shack', NULL, 2.99, 'GBP', 'https://image-server.worldofbooks.com/images/9780964729230.jpg', NULL, 17, '2026-01-08 18:27:53', '2026-01-08 18:27:53'),
(195, 'The Wedding Dress', NULL, 3.49, 'GBP', 'https://image-server.worldofbooks.com/images/9781595549631.jpg', NULL, 17, '2026-01-08 18:27:53', '2026-01-08 18:27:53'),
(196, 'The Red Tent - 20th Anniversary Edition', NULL, 3.99, 'GBP', 'https://image-server.worldofbooks.com/images/9780312427290.jpg', NULL, 17, '2026-01-08 18:27:53', '2026-01-08 18:27:53'),
(197, 'Under a Summer Sky  A Savannah Romance', NULL, 5.24, 'GBP', 'https://image-server.worldofbooks.com/images/9780800723590.jpg', NULL, 17, '2026-01-08 18:27:53', '2026-01-08 18:27:53'),
(198, 'Left Behind 25th Anniversary Edition', NULL, 5.68, 'GBP', 'https://image-server.worldofbooks.com/images/9781496447562.jpg', NULL, 17, '2026-01-08 18:27:53', '2026-01-08 18:27:53'),
(199, 'War Room', NULL, 4.06, 'GBP', 'https://image-server.worldofbooks.com/images/9781496407283.jpg', NULL, 17, '2026-01-08 18:27:53', '2026-01-08 18:27:53'),
(200, 'The Stranger in the Lifeboat', NULL, 4.58, 'GBP', 'https://image-server.worldofbooks.com/images/9780062888365.jpg', NULL, 17, '2026-01-08 18:27:53', '2026-01-08 18:27:53')
ON CONFLICT (id) DO NOTHING;

INSERT INTO product (id, title, slug, price, currency, "imageUrl", url, "categoryId", "createdAt", "updatedAt") VALUES
(201, 'Hinds'' Feet on High Places', NULL, 8.73, 'GBP', 'https://image-server.worldofbooks.com/images/9781496424679.jpg', NULL, 17, '2026-01-08 18:27:53', '2026-01-08 18:27:53'),
(202, 'A Voice in the Wind', NULL, 20.99, 'GBP', 'https://image-server.worldofbooks.com/images/9781414375496.jpg', NULL, 17, '2026-01-08 18:27:53', '2026-01-08 18:27:53'),
(203, 'Book of Mysteries, The', NULL, 5.18, 'GBP', 'https://image-server.worldofbooks.com/images/9781629991344.jpg', NULL, 17, '2026-01-08 18:27:53', '2026-01-08 18:27:53'),
(204, 'Under the Tulip Tree', NULL, 16.18, 'GBP', 'https://image-server.worldofbooks.com/images/9781496446077.jpg', NULL, 17, '2026-01-08 18:27:53', '2026-01-08 18:27:53'),
(205, 'Edenbrooke', NULL, 9.08, 'GBP', 'https://image-server.worldofbooks.com/images/9781609089467.jpg', NULL, 17, '2026-01-08 18:27:53', '2026-01-08 18:27:53'),
(206, 'The Masterpiece', NULL, 19.99, 'GBP', 'https://image-server.worldofbooks.com/images/9781496407917.jpg', NULL, 17, '2026-01-08 18:27:53', '2026-01-08 18:27:53'),
(207, 'Becoming Mrs. Lewis', NULL, 4.88, 'GBP', 'https://image-server.worldofbooks.com/images/9780785218098.jpg', NULL, 17, '2026-01-08 18:27:53', '2026-01-08 18:27:53'),
(208, 'In This Moment', NULL, 13.86, 'GBP', 'https://image-server.worldofbooks.com/images/9780764239755.jpg', NULL, 17, '2026-01-08 18:27:53', '2026-01-08 18:27:53'),
(209, 'Sensible Shoes  A Story about the Spiritual Journey', NULL, 6.08, 'GBP', 'https://image-server.worldofbooks.com/images/9780830843053.jpg', NULL, 17, '2026-01-08 18:27:53', '2026-01-08 18:27:53'),
(210, 'Sarah''s Key', NULL, 2.99, 'GBP', 'https://image-server.worldofbooks.com/images/9780312370848.jpg', NULL, 17, '2026-01-08 18:27:53', '2026-01-08 18:27:53'),
(211, 'Sons of Encouragement', NULL, 4.39, 'GBP', 'https://image-server.worldofbooks.com/images/9781414348162.jpg', NULL, 17, '2026-01-08 18:27:53', '2026-01-08 18:27:53'),
(212, 'Bridge: A Novel', NULL, 4.58, 'GBP', 'https://image-server.worldofbooks.com/images/9781476748658.jpg', NULL, 17, '2026-01-08 18:27:53', '2026-01-08 18:27:53'),
(213, 'The Lady''s Mine', NULL, 6.68, 'GBP', 'https://image-server.worldofbooks.com/images/9781496447586.jpg', NULL, 17, '2026-01-08 18:27:53', '2026-01-08 18:27:53'),
(214, 'For a Lifetime', NULL, 12.86, 'GBP', 'https://image-server.worldofbooks.com/images/9780764239762.jpg', NULL, 17, '2026-01-08 18:27:53', '2026-01-08 18:27:53'),
(215, 'One Good Thing', NULL, 8.28, 'GBP', 'https://image-server.worldofbooks.com/images/9781984880932.jpg', NULL, 17, '2026-01-08 18:27:53', '2026-01-08 18:27:53'),
(216, 'Double Take', NULL, 7.23, 'GBP', 'https://image-server.worldofbooks.com/images/9780800741198.jpg', NULL, 17, '2026-01-08 18:27:53', '2026-01-08 18:27:53'),
(217, 'The First Phone Call from Heaven', NULL, 4.38, 'GBP', 'https://image-server.worldofbooks.com/images/9780062294401.jpg', NULL, 17, '2026-01-08 18:27:53', '2026-01-08 18:27:53'),
(218, 'Pilgrim''s Progress (Parts 1 & 2): Updated, Modern English. More Than 100 Illustrations.', NULL, 27.99, 'GBP', 'https://image-server.worldofbooks.com/images/9781622453313.jpg', NULL, 17, '2026-01-08 18:27:53', '2026-01-08 18:27:53'),
(219, 'The Circle Series 4-in-1', NULL, 20.18, 'GBP', 'https://image-server.worldofbooks.com/images/9781595547927.jpg', NULL, 17, '2026-01-08 18:27:53', '2026-01-08 18:27:53'),
(220, 'Conclave', NULL, 4.48, 'GBP', 'https://image-server.worldofbooks.com/images/9780593689585.jpg', NULL, 17, '2026-01-08 18:27:53', '2026-01-08 18:27:53'),
(221, 'Leota''s Garden', NULL, 4.26, 'GBP', 'https://image-server.worldofbooks.com/images/9781414370651.jpg', NULL, 17, '2026-01-08 18:27:53', '2026-01-08 18:27:53'),
(222, 'Final Approach', NULL, 13.18, 'GBP', 'https://image-server.worldofbooks.com/images/9780800741228.jpg', NULL, 17, '2026-01-08 18:27:53', '2026-01-08 18:27:53'),
(223, 'Harbinger II, The', NULL, 5.78, 'GBP', 'https://image-server.worldofbooks.com/images/9781629998954.jpg', NULL, 17, '2026-01-08 18:27:53', '2026-01-08 18:27:53'),
(224, 'The Stranger in the Lifeboat', NULL, 4.08, 'GBP', 'https://image-server.worldofbooks.com/images/9780062888341.jpg', NULL, 17, '2026-01-08 18:27:53', '2026-01-08 18:27:53'),
(225, 'Counted With the Stars', NULL, 249.52, 'GBP', 'https://image-server.worldofbooks.com/images/9780764214370.jpg', NULL, 17, '2026-01-08 18:27:53', '2026-01-08 18:27:53'),
(226, 'A Distant Shore', NULL, 5.68, 'GBP', 'https://image-server.worldofbooks.com/images/9781982104368.jpg', NULL, 17, '2026-01-08 18:27:53', '2026-01-08 18:27:53'),
(227, 'Tea with Elephants', NULL, 6.28, 'GBP', 'https://image-server.worldofbooks.com/images/9780800744823.jpg', NULL, 17, '2026-01-08 18:27:53', '2026-01-08 18:27:53'),
(228, 'Her Daughter''s Dream', NULL, 14.99, 'GBP', 'https://image-server.worldofbooks.com/images/9781496441850.jpg', NULL, 17, '2026-01-08 18:27:53', '2026-01-08 18:27:53'),
(229, 'The Daniel Fast', NULL, 9.6, 'GBP', 'https://image-server.worldofbooks.com/images/9781735575544.jpg', NULL, 17, '2026-01-08 18:27:53', '2026-01-08 18:27:53'),
(230, 'Her Mother''s Hope', NULL, 5.88, 'GBP', 'https://image-server.worldofbooks.com/images/9781496441843.jpg', NULL, 17, '2026-01-08 18:27:54', '2026-01-08 18:27:54'),
(231, 'Oracle, The', NULL, 4.78, 'GBP', 'https://image-server.worldofbooks.com/images/9781629996295.jpg', NULL, 17, '2026-01-08 18:27:54', '2026-01-08 18:27:54'),
(232, 'The Lost Bookshop', NULL, 6.39, 'GBP', 'https://image-server.worldofbooks.com/images/9780008609214.jpg', NULL, 3, '2026-01-08 19:51:53', '2026-01-08 20:12:20'),
(233, 'The Story Collector', NULL, 17.99, 'GBP', 'https://image-server.worldofbooks.com/images/9780008707460.jpg', NULL, 18, '2026-01-08 19:51:53', '2026-01-08 19:51:53'),
(234, 'Peace Like a River', NULL, 4.38, 'GBP', 'https://image-server.worldofbooks.com/images/9780802139252.jpg', NULL, 18, '2026-01-08 19:51:53', '2026-01-08 19:51:53'),
(235, 'The Last Kingdom', NULL, 5.28, 'GBP', 'https://image-server.worldofbooks.com/images/9780060887186.jpg', NULL, 18, '2026-01-08 19:51:53', '2026-01-08 19:51:53'),
(236, 'And the Mountains Echoed', NULL, 4.58, 'GBP', 'https://image-server.worldofbooks.com/images/9781594632389.jpg', NULL, 18, '2026-01-08 19:51:53', '2026-01-08 19:51:53'),
(237, 'Coal River', NULL, 5.48, 'GBP', 'https://image-server.worldofbooks.com/images/9781496730015.jpg', NULL, 18, '2026-01-08 19:51:53', '2026-01-08 19:51:53'),
(238, 'Beach Music', NULL, 5.08, 'GBP', 'https://image-server.worldofbooks.com/images/9780553381535.jpg', NULL, 18, '2026-01-08 19:51:53', '2026-01-08 19:51:53'),
(239, 'Ender''s Game', NULL, 12.98, 'GBP', 'https://image-server.worldofbooks.com/images/9780765394866.jpg', NULL, 18, '2026-01-08 19:51:53', '2026-01-08 19:51:53'),
(240, 'Njal''s Saga', NULL, 10, 'GBP', 'https://image-server.worldofbooks.com/images/9780140447699.jpg', NULL, 18, '2026-01-08 19:51:53', '2026-01-08 19:51:53'),
(241, 'The Signature of All Things', NULL, 4.08, 'GBP', 'https://image-server.worldofbooks.com/images/9780143125846.jpg', NULL, 18, '2026-01-08 19:51:53', '2026-01-08 19:51:53'),
(242, 'Chesapeake', NULL, 6.56, 'GBP', 'https://image-server.worldofbooks.com/images/9780812970432.jpg', NULL, 18, '2026-01-08 19:51:53', '2026-01-08 19:51:53'),
(243, 'Death of the Author (Deluxe Limited Edition)', NULL, 13.38, 'GBP', 'https://image-server.worldofbooks.com/images/9780063391147.jpg', NULL, 18, '2026-01-08 19:51:53', '2026-01-08 19:51:53'),
(244, 'This Other Eden', NULL, 5.18, 'GBP', 'https://image-server.worldofbooks.com/images/9781324074526.jpg', NULL, 18, '2026-01-08 19:51:53', '2026-01-08 19:51:53'),
(245, 'Paris', NULL, 4.38, 'GBP', 'https://image-server.worldofbooks.com/images/9780345530769.jpg', NULL, 18, '2026-01-08 19:51:53', '2026-01-08 19:51:53'),
(246, 'Edge of Eternity', NULL, 4.88, 'GBP', 'https://image-server.worldofbooks.com/images/9780451474018.jpg', NULL, 18, '2026-01-08 19:51:53', '2026-01-08 19:51:53'),
(247, 'In Farleigh Field', NULL, 4.58, 'GBP', 'https://image-server.worldofbooks.com/images/9781503941359.jpg', NULL, 18, '2026-01-08 19:51:53', '2026-01-08 19:51:53'),
(248, 'The Fifth Avenue Apartment', NULL, 5.28, 'GBP', 'https://image-server.worldofbooks.com/images/9781953060501.jpg', NULL, 18, '2026-01-08 19:51:53', '2026-01-08 19:51:53'),
(249, 'The Book Spy', NULL, 6.28, 'GBP', 'https://image-server.worldofbooks.com/images/9781496738547.jpg', NULL, 18, '2026-01-08 19:51:53', '2026-01-08 19:51:53'),
(250, 'Salt Houses', NULL, 4.68, 'GBP', 'https://image-server.worldofbooks.com/images/9781328915856.jpg', NULL, 18, '2026-01-08 19:51:53', '2026-01-08 19:51:53'),
(251, 'Song of Redemption', NULL, 14.69, 'GBP', 'https://image-server.worldofbooks.com/images/9780764229909.jpg', NULL, 18, '2026-01-08 19:51:53', '2026-01-08 19:51:53'),
(252, 'Lords of the North', NULL, 4.56, 'GBP', 'https://image-server.worldofbooks.com/images/9780061149047.jpg', NULL, 18, '2026-01-08 19:51:54', '2026-01-08 19:51:54'),
(253, 'Nantucket Weddings', NULL, 5.08, 'GBP', 'https://image-server.worldofbooks.com/images/9781953060068.jpg', NULL, 18, '2026-01-08 19:51:54', '2026-01-08 19:51:54'),
(254, 'London', NULL, 4.68, 'GBP', 'https://image-server.worldofbooks.com/images/9780345455680.jpg', NULL, 18, '2026-01-08 19:51:54', '2026-01-08 19:51:54'),
(255, 'Sword Song', NULL, 3.98, 'GBP', 'https://image-server.worldofbooks.com/images/9780061379741.jpg', NULL, 18, '2026-01-08 19:51:54', '2026-01-08 19:51:54'),
(256, 'The Rebels of Ireland', NULL, 4.68, 'GBP', 'https://image-server.worldofbooks.com/images/9780345472366.jpg', NULL, 18, '2026-01-08 19:51:54', '2026-01-08 19:51:54'),
(257, 'Out of the Attic', NULL, 17.99, 'GBP', 'https://image-server.worldofbooks.com/images/9781982114411.jpg', NULL, 18, '2026-01-08 19:51:54', '2026-01-08 19:51:54'),
(258, 'True North', NULL, 5.48, 'GBP', 'https://image-server.worldofbooks.com/images/9780802142061.jpg', NULL, 18, '2026-01-08 19:51:54', '2026-01-08 19:51:54'),
(259, 'The Black Moon', NULL, 9.32, 'GBP', 'https://image-server.worldofbooks.com/images/9780330463324.jpg', NULL, 18, '2026-01-08 19:51:54', '2026-01-08 19:51:54'),
(260, 'Beach Music', NULL, 4.98, 'GBP', 'https://image-server.worldofbooks.com/images/9780385413046.jpg', NULL, 18, '2026-01-08 19:51:54', '2026-01-08 19:51:54'),
(261, 'The Butterfly Tree', NULL, 10, 'GBP', 'https://image-server.worldofbooks.com/images/9783982280189.jpg', NULL, 18, '2026-01-08 19:51:54', '2026-01-08 19:51:54'),
(262, 'Ireland', NULL, 4.88, 'GBP', 'https://image-server.worldofbooks.com/images/9780061244438.jpg', NULL, 18, '2026-01-08 19:51:54', '2026-01-08 19:51:54'),
(263, 'Khan: Empire of Silver', NULL, 42.99, 'GBP', 'https://image-server.worldofbooks.com/images/9780385344258.jpg', NULL, 18, '2026-01-08 19:51:54', '2026-01-08 19:51:54'),
(264, 'The Valley of Amazement', NULL, 4.98, 'GBP', 'https://image-server.worldofbooks.com/images/9780062107329.jpg', NULL, 18, '2026-01-08 19:51:54', '2026-01-08 19:51:54'),
(265, 'Forever Wild', NULL, 249.62, 'GBP', 'https://image-server.worldofbooks.com/images/9781777202736.jpg', NULL, 18, '2026-01-08 19:51:54', '2026-01-08 19:51:54'),
(266, 'Message from Nam', NULL, 3.49, 'GBP', 'https://image-server.worldofbooks.com/images/9780440209416.jpg', NULL, 18, '2026-01-08 19:51:54', '2026-01-08 19:51:54'),
(267, 'Power of the Dog', NULL, 4.48, 'GBP', 'https://image-server.worldofbooks.com/images/9780316610896.jpg', NULL, 18, '2026-01-08 19:51:54', '2026-01-08 19:51:54'),
(268, 'Rising Tides', NULL, 4.48, 'GBP', 'https://image-server.worldofbooks.com/images/9780515123173.jpg', NULL, 18, '2026-01-08 19:51:54', '2026-01-08 19:51:54'),
(269, 'Beasts of a Little Land', NULL, 5.88, 'GBP', 'https://image-server.worldofbooks.com/images/9780063093584.jpg', NULL, 18, '2026-01-08 19:51:54', '2026-01-08 19:51:54'),
(270, 'The Twisted Sword', NULL, 8.28, 'GBP', 'https://image-server.worldofbooks.com/images/9780330463393.jpg', NULL, 18, '2026-01-08 19:51:54', '2026-01-08 19:51:54'),
(271, 'Christopher''s Diary: Secrets of Foxworth', NULL, 4.38, 'GBP', 'https://image-server.worldofbooks.com/images/9781476790589.jpg', NULL, 18, '2026-01-08 19:51:54', '2026-01-08 19:51:54'),
(272, 'The Tenant', NULL, 10.68, 'GBP', 'https://image-server.worldofbooks.com/images/9781464227318.jpg', NULL, 3, '2026-01-08 20:12:20', '2026-01-08 20:12:20'),
(273, 'Broken Country (Reese''s Book Club)', NULL, 12.38, 'GBP', 'https://image-server.worldofbooks.com/images/9781668078181.jpg', NULL, 3, '2026-01-08 20:12:20', '2026-01-08 20:12:20'),
(274, 'First Lie Wins: Reese''s Book Club', NULL, 33.99, 'GBP', 'https://image-server.worldofbooks.com/images/9780593492932.jpg?updatedAt=1763633238354', NULL, 3, '2026-01-08 20:12:20', '2026-01-08 20:12:20'),
(275, 'Fahrenheit 451', NULL, 7.78, 'GBP', 'https://image-server.worldofbooks.com/images/9781451673319.jpg', NULL, 3, '2026-01-08 20:12:20', '2026-01-08 20:12:20'),
(276, 'Just for the Summer', NULL, 4.99, 'GBP', 'https://image-server.worldofbooks.com/images/9781538704431.jpg', NULL, 3, '2026-01-08 20:12:20', '2026-01-08 20:12:20'),
(277, 'Nineteen Eighty-Four', NULL, 4.39, 'GBP', 'https://image-server.worldofbooks.com/images/9780451524935.jpg', NULL, 3, '2026-01-08 20:12:20', '2026-01-08 20:12:20'),
(278, 'The Song of Achilles', NULL, 7.04, 'GBP', 'https://image-server.worldofbooks.com/images/9780062060624.jpg', NULL, 3, '2026-01-08 20:12:20', '2026-01-08 20:12:20'),
(279, 'Red Rising', NULL, 9.33, 'GBP', 'https://image-server.worldofbooks.com/images/9780345539809.jpg', NULL, 3, '2026-01-08 20:12:20', '2026-01-08 20:12:20'),
(280, 'The Correspondent', NULL, 25.04, 'GBP', 'https://image-server.worldofbooks.com/images/9780593798430.jpg?updatedAt=1764239811421', NULL, 3, '2026-01-08 20:12:20', '2026-01-08 20:12:20'),
(281, 'The Housemaid Is Watching', NULL, 13.39, 'GBP', 'https://image-server.worldofbooks.com/images/9781464221132.jpg', NULL, 3, '2026-01-08 20:12:20', '2026-01-08 20:12:20'),
(282, 'Project Hail Mary', NULL, 13.85, 'GBP', 'https://image-server.worldofbooks.com/images/9780593135228.jpg', NULL, 3, '2026-01-08 20:12:20', '2026-01-08 20:12:20'),
(283, 'The Frozen River: A GMA Book Club Pick', NULL, 9.56, 'GBP', 'https://image-server.worldofbooks.com/images/9780593312070.jpg', NULL, 3, '2026-01-08 20:12:20', '2026-01-08 20:12:20'),
(284, 'The Widow', NULL, 16.65, 'GBP', 'https://image-server.worldofbooks.com/images/9780385548984.jpg', NULL, 3, '2026-01-08 20:12:20', '2026-01-08 20:12:20'),
(285, 'The Secret of Secrets', NULL, 14.88, 'GBP', 'https://image-server.worldofbooks.com/images/9780385546898.jpg', NULL, 3, '2026-01-08 20:12:20', '2026-01-08 20:12:20'),
(286, 'Never Lie', NULL, 10, 'GBP', 'https://image-server.worldofbooks.com/images/9781728296166.jpg', NULL, 3, '2026-01-08 20:12:20', '2026-01-08 20:12:20'),
(287, 'Atmosphere: A GMA Book Club Pick', NULL, 15.38, 'GBP', 'https://image-server.worldofbooks.com/images/9780593158715.jpg', NULL, 3, '2026-01-08 20:12:20', '2026-01-08 20:12:20'),
(288, 'My Friends', NULL, 17.98, 'GBP', 'https://image-server.worldofbooks.com/images/9781982112820.jpg', NULL, 3, '2026-01-08 20:12:20', '2026-01-08 20:12:20'),
(289, 'Alchemised', NULL, 20.03, 'GBP', 'https://image-server.worldofbooks.com/images/9780593972700.jpg', NULL, 3, '2026-01-08 20:12:20', '2026-01-08 20:12:20'),
(290, 'Brain Games', NULL, 4.88, 'GBP', 'https://image-server.worldofbooks.com/images/9781426330179.jpg', NULL, 59, '2026-01-13 10:28:00', '2026-01-13 10:28:00'),
(291, 'How to Draw Deluxe Edition (Pokemon)', NULL, 4.78, 'GBP', 'https://image-server.worldofbooks.com/images/9781338283815.jpg', NULL, 59, '2026-01-13 10:28:00', '2026-01-13 10:28:00'),
(292, 'Why? Over 1,111 Answers to Everything', NULL, 6.78, 'GBP', 'https://image-server.worldofbooks.com/images/9781426320965.jpg', NULL, 59, '2026-01-13 10:28:00', '2026-01-13 10:28:00'),
(293, 'A Really Short History of Nearly Everything', NULL, 6.87, 'GBP', 'https://image-server.worldofbooks.com/images/9780385738101.jpg', NULL, 59, '2026-01-13 10:28:00', '2026-01-13 10:28:00'),
(294, 'How to Draw Cute Stuff', NULL, 4.28, 'GBP', 'https://image-server.worldofbooks.com/images/9781454925644.jpg', NULL, 59, '2026-01-13 10:28:01', '2026-01-13 10:28:01'),
(295, 'Jokes for 8 Year Olds', NULL, 3.88, 'GBP', 'https://image-server.worldofbooks.com/images/9781913485054.jpg', NULL, 59, '2026-01-13 10:28:01', '2026-01-13 10:28:01'),
(296, 'The Big Book of Silly Jokes for Kids', NULL, 4.28, 'GBP', 'https://image-server.worldofbooks.com/images/9781641526371.jpg?updatedAt=1767093886992', NULL, 59, '2026-01-13 10:28:01', '2026-01-13 10:28:01'),
(297, 'How to Draw', NULL, 4.98, 'GBP', 'https://image-server.worldofbooks.com/images/9781641521819.jpg', NULL, 59, '2026-01-13 10:28:01', '2026-01-13 10:28:01'),
(298, '5,000 Awesome Facts (About Everything!) 2', NULL, 6.38, 'GBP', 'https://image-server.worldofbooks.com/images/9781426316951.jpg', NULL, 59, '2026-01-13 10:28:01', '2026-01-13 10:28:01'),
(299, 'Little Kids First Big Book of Dinosaurs', NULL, 4.78, 'GBP', 'https://image-server.worldofbooks.com/images/9781426308468.jpg', NULL, 59, '2026-01-13 10:28:01', '2026-01-13 10:28:01'),
(300, '125 True Stories of Amazing Animals', NULL, 3.98, 'GBP', 'https://image-server.worldofbooks.com/images/9781426309182.jpg', NULL, 59, '2026-01-13 10:28:01', '2026-01-13 10:28:01')
ON CONFLICT (id) DO NOTHING;

INSERT INTO product (id, title, slug, price, currency, "imageUrl", url, "categoryId", "createdAt", "updatedAt") VALUES
(301, 'I Love You to the Moon and Back', NULL, 3.49, 'GBP', 'https://image-server.worldofbooks.com/images/9781589255517.jpg', NULL, 59, '2026-01-13 10:28:02', '2026-01-13 10:28:02'),
(302, 'The Beginner''s Bible', NULL, 6.38, 'GBP', 'https://image-server.worldofbooks.com/images/9780310750130.jpg', NULL, 59, '2026-01-13 10:28:02', '2026-01-13 10:28:02'),
(303, 'Baby''s First Bible Stories (Little Sunbeams)', NULL, 4.08, 'GBP', 'https://image-server.worldofbooks.com/images/9781680524239.jpg', NULL, 59, '2026-01-13 10:28:02', '2026-01-13 10:28:02'),
(304, 'The Hardest Hidden Pictures Book Ever', NULL, 4.48, 'GBP', 'https://image-server.worldofbooks.com/images/9781644723340.jpg', NULL, 59, '2026-01-13 10:28:02', '2026-01-13 10:28:02'),
(305, 'The The Complete Cookbook for Young Chefs', NULL, 5.8, 'GBP', 'https://image-server.worldofbooks.com/images/9781492670025.jpg', NULL, 59, '2026-01-13 10:28:02', '2026-01-13 10:28:02'),
(306, 'Lots of Knock-Knock Jokes for Kids', NULL, 3.88, 'GBP', 'https://image-server.worldofbooks.com/images/9780310750628.jpg', NULL, 59, '2026-01-13 10:28:02', '2026-01-13 10:28:02'),
(307, 'The Biggest Story Bible Storybook', NULL, 16.68, 'GBP', 'https://image-server.worldofbooks.com/images/9781433557378.jpg?updatedAt=1767351187748', NULL, 59, '2026-01-13 10:28:02', '2026-01-13 10:28:02'),
(308, 'The Jesus Storybook Bible', NULL, 5.08, 'GBP', 'https://image-server.worldofbooks.com/images/9780310708254.jpg', NULL, 59, '2026-01-13 10:28:02', '2026-01-13 10:28:02'),
(309, 'I Wish You Happiness', NULL, 7.18, 'GBP', 'https://image-server.worldofbooks.com/images/9781925973129.jpg', NULL, 59, '2026-01-13 10:28:02', '2026-01-13 10:28:02'),
(310, 'Goofy Mad Libs', NULL, 4.28, 'GBP', 'https://image-server.worldofbooks.com/images/9780843100594.jpg', NULL, 59, '2026-01-13 10:28:02', '2026-01-13 10:28:02'),
(311, 'Jokes for 7 Year Olds', NULL, 4.28, 'GBP', 'https://image-server.worldofbooks.com/images/9781913485047.jpg', NULL, 59, '2026-01-13 10:28:02', '2026-01-13 10:28:02'),
(312, 'There''s No Place Like Space! All About Our Solar System', NULL, 4.88, 'GBP', 'https://image-server.worldofbooks.com/images/9780679891154.jpg', NULL, 59, '2026-01-13 10:28:02', '2026-01-13 10:28:02'),
(313, 'The Complete Illustrated Children''s Bible', NULL, 21.99, 'GBP', 'https://image-server.worldofbooks.com/images/9780736962131.jpg', NULL, 59, '2026-01-13 10:28:02', '2026-01-13 10:28:02'),
(314, 'The 7 Habits of Highly Effective Teens', NULL, 4.78, 'GBP', 'https://image-server.worldofbooks.com/images/9781476764665.jpg', NULL, 59, '2026-01-13 10:28:02', '2026-01-13 10:28:02'),
(315, 'Because of Winn-Dixie', NULL, 3.99, 'GBP', 'https://image-server.worldofbooks.com/images/9781536214352.jpg', NULL, 59, '2026-01-13 10:28:02', '2026-01-13 10:28:02'),
(316, 'Valentine''s Hidden Pictures Puzzles to Highlight', NULL, 4.04, 'GBP', 'https://image-server.worldofbooks.com/images/9781684376537.jpg', NULL, 59, '2026-01-13 10:28:02', '2026-01-13 10:28:02'),
(317, 'Humble Math - 100 Days of Timed Tests', NULL, 4.38, 'GBP', 'https://image-server.worldofbooks.com/images/9781635783018.jpg', NULL, 59, '2026-01-13 10:28:02', '2026-01-13 10:28:02'),
(318, 'NIV, Adventure Bible, Hardcover, Full Color', NULL, 27.99, 'GBP', 'https://image-server.worldofbooks.com/images/9780310727477.jpg', NULL, 59, '2026-01-13 10:28:02', '2026-01-13 10:28:02'),
(319, 'The Bible Recap Kids` Devotional  365 Reflections and Activities for Children and Families', NULL, 13.55, 'GBP', 'https://image-server.worldofbooks.com/images/9780764242533.jpg', NULL, 59, '2026-01-13 10:28:03', '2026-01-13 10:28:03'),
(320, 'The Complete Baking Book for Young Chefs', NULL, 7.38, 'GBP', 'https://image-server.worldofbooks.com/images/9781492677697.jpg', NULL, 59, '2026-01-13 10:28:03', '2026-01-13 10:28:03'),
(321, 'Silliest Hidden Pictures Puzzles Ever', NULL, 4.88, 'GBP', 'https://image-server.worldofbooks.com/images/9781639621521.jpg', NULL, 59, '2026-01-13 10:28:03', '2026-01-13 10:28:03'),
(322, 'Fun to Find!', NULL, 8.88, 'GBP', 'https://image-server.worldofbooks.com/images/9781648762598.jpg', NULL, 59, '2026-01-13 10:28:03', '2026-01-13 10:28:03'),
(323, 'Bedtime Prayers for Little Ones', NULL, 4.88, 'GBP', 'https://image-server.worldofbooks.com/images/9781400242559.jpg', NULL, 59, '2026-01-13 10:28:03', '2026-01-13 10:28:03'),
(324, 'Curious About Snow', NULL, 5.48, 'GBP', 'https://image-server.worldofbooks.com/images/9780448490182.jpg', NULL, 59, '2026-01-13 10:28:03', '2026-01-13 10:28:03'),
(325, '365 Bible Stories and Prayers (Little Sunbeams)', NULL, 25.99, 'GBP', 'https://image-server.worldofbooks.com/images/9781680524079.jpg', NULL, 59, '2026-01-13 10:28:03', '2026-01-13 10:28:03'),
(326, 'Awesome Engineering Activities for Kids', NULL, 4.88, 'GBP', 'https://image-server.worldofbooks.com/images/9781641523691.jpg', NULL, 59, '2026-01-13 10:28:03', '2026-01-13 10:28:03'),
(327, 'The Way Things Work: Newly Revised Edition', NULL, 14.18, 'GBP', 'https://image-server.worldofbooks.com/images/9780544824386.jpg', NULL, 59, '2026-01-13 10:28:03', '2026-01-13 10:28:03'),
(328, 'Live in Light', NULL, 3.68, 'GBP', 'https://image-server.worldofbooks.com/images/9781641523370.jpg', NULL, 59, '2026-01-13 10:28:03', '2026-01-13 10:28:03'),
(329, 'Brain Quest Workbook: 1st Grade (Revised Edition)', NULL, 6.08, 'GBP', 'https://image-server.worldofbooks.com/images/9781523517350.jpg', NULL, 59, '2026-01-13 10:28:03', '2026-01-13 10:28:03')
ON CONFLICT (id) DO NOTHING;


-- Import Product Details (7 items)
INSERT INTO product_detail (id, description, isbn, author, publisher, "publicationDate", pages, language, "productId", "createdAt", "updatedAt") VALUES
(1, 'The Seven Husbands of Evelyn Hugo by Taylor Jenkins Reid
        Synopsis coming soon.......', NULL, NULL, NULL, NULL, NULL, NULL, 1, NULL, NULL),
(2, 'Pieces of Her by Karin Slaughter
        What if the person you thought you knew best turns out to be someone you never knew at all?Andrea Oliver knows everything about her mother, Laura. She knows Laura has spent nearly her whole life in the small beachside town of Belle Isle, Georgia; she knows Laura''s never wanted anything more than to lead a quiet, normal life in this conventional community; she knows Laura''s a kind and beloved speech pathologist who helps others; she knows Laura''s never kept a secret in her life. Andrea knows that Laura is everything she isn''t--confident, settled, sure of herself. Feeling listless, with no direction, Andrea, unlike Laura, struggles to find her way. But Andrea''s certainty is upended when a visit to the mall is shattered by an act of horrifying violence that reveals a completely different side of Laura--a cool woman who calmly faces down a murderer. It turns out that before Andrea''s mother was Laura, she was someone completely different. For nearly thirty years she''s been hiding from the woman she once was, lying low in the hope that no one would ever find her. But now she''s been exposed, and nothing will ever be the same again.The assailant was a mentally troubled teenage scion of Georgia law enforcement royalty, and now the police want answers about what really happened in those terrifying moments at the mall. Though she''s being scrutinized at every level of the criminal justice system and her innocence is on the line, Laura refuses to speak to anyone, including her own daughter. She pushes Andrea away, insisting it''s time for her to stand alone and make a life for herself.To save her mother, Andrea embarks on a desperate journey following the bread crumb trail of her mother''s past. Andrea knows that if she can''t uncover the secrets hidden there, there may be no future for her mother . . . or her.Filled with intriguing turns, surprising revelations, and a compelling cast of characters, Pieces of Her is Slaughter''s most electrifying, provocative, and suspenseful novel yet. --Entertainment Weekly on Pieces of Her,  20 New Books to Read in August', NULL, NULL, NULL, NULL, NULL, NULL, 58, NULL, NULL),
(3, 'The 19th Christmas by James Patterson
        In this #1 New York Times bestseller, the Women''s Murder Club gets ready for a quiet Christmas -- until a mysterious killer decides to terrorize the city.As the holidays approach, Detective Lindsay Boxer and her friends in the Women''s Murder Club have much to celebrate. Crime is down. The medical examiner''s office is quiet. Even the courts are showing some Christmas spirit. And the news cycle is so slow that journalist Cindy Thomas is on assignment to tell a story about the true meaning of the season for San Francisco.Then a fearsome criminal known only as Loman seizes control of the headlines. Solving crimes never happens on schedule, but as this criminal mastermind unleashes credible threats by the hour, the month of December is upended for the Women''s Murder Club. Avoiding tragedy is the only holiday miracle they seek.', NULL, NULL, NULL, NULL, NULL, NULL, 173, NULL, NULL),
(4, 'The Guest List by Lucy Foley
        I loved this book. It gave me the same waves of happiness I get from curling up with a classic Christie.The alternating points of view keep you guessing, and guessing wrong. -- Alex Michaelides, #1 New York Times bestselling author of The Silent PatientEvok es] the great Agatha Christie classics.Pay close attention to seemingly throwaway details about the characters'' pasts. They are all clues. -- New York Times Book ReviewA wedding celebration turns dark and deadly in this deliciously wicked and atmospheric thriller reminiscent of Agatha Christie from the New York Times bestselling author of The Hunting Party.The bride - The plus one - The best man - The wedding planner - The bridesmaid - The bodyOn an island off the coast of Ireland, guests gather to celebrate two people joining their lives together as one. The groom: handsome and charming, a rising television star. The bride: smart and ambitious, a magazine publisher. It''s a wedding for a magazine, or for a celebrity: the designer dress, the remote location, the luxe party favors, the boutique whiskey. The cell phone service may be spotty and the waves may be rough, but every detail has been expertly planned and will be expertly executed.But perfection is for plans, and people are all too human. As the champagne is popped and the festivities begin, resentments and petty jealousies begin to mingle with the reminiscences and well wishes. The groomsmen begin the drinking game from their school days. The bridesmaid not-so-accidentally ruins her dress. The bride''s oldest (male) friend gives an uncomfortably caring toast. And then someone turns up dead. Who didn''t wish the happy couple well? And perhaps more important, why?', NULL, NULL, NULL, NULL, NULL, NULL, 7, NULL, NULL),
(5, 'In Five Years by Rebecca Serle
        A Good Morning America Book Club Pick Perfect for fans of Me Before You and One Day--a striking, powerful, and moving love story following an ambitious lawyer who experiences an astonishing vision that could change her life forever. Where do you see yourself in five years? When Type-A Manhattan lawyer Dannie Cohan is asked this question at the most important interview of her career, she has a meticulously crafted answer at the ready. Later, after nailing her interview and accepting her boyfriend''s marriage proposal, Dannie goes to sleep knowing she is right on track to achieve her five-year plan. But when she wakes up, she''s suddenly in a different apartment, with a different ring on her finger, and beside a very different man. The television news is on in the background, and she can just make out the scrolling date. It''s the same night--December 15--but 2025, five years in the future. After a very intense, shocking hour, Dannie wakes again, at the brink of midnight, back in 2020. She can''t shake what has happened. It certainly felt much more than merely a dream, but she isn''t the kind of person who believes in visions. That nonsense is only charming coming from free-spirited types, like her lifelong best friend, Bella. Determined to ignore the odd experience, she files it away in the back of her mind. That is, until four-and-a-half years later, when by chance Dannie meets the very same man from her long-ago vision. Brimming with joy and heartbreak, In Five Years is an unforgettable love story that reminds us of the power of loyalty, friendship, and the unpredictable nature of destiny.', NULL, NULL, NULL, NULL, NULL, NULL, 3, NULL, NULL),
(6, 'Home Front by Kristin Hannah
        Home Front is Hannah''s crowning achievement.--The Huffington Post In this powerhouse of a novel, Kristin Hannah explores the intimate landscape of a troubled marriage with this provocative and timely portrait of a husband and wife, in love and at war. All marriages have a breaking point. All families have wounds. All wars have a cost. . . . Like many couples, Michael and Jolene Zarkades have to face the pressures of everyday life--children, careers, bills, chores--even as their twelve-year marriage is falling apart. Then a deployment sends Jolene deep into harm''s way and leaves defense attorney Michael at home, unaccustomed to being a single parent to their two girls. As a mother, it agonizes Jolene to leave her family, but as a solider, she has always understood the true meaning of duty. In her letters home, she paints a rose-colored version of her life on the front lines, shielding her family from the truth. But war will change Jolene in ways that none of them could have foreseen. When tragedy strikes, Michael must face his darkest fear and fight a battle of his own--for everything that matters to his family. At once a profoundly honest look at modern marriage and a dramatic exploration of the toll war takes on an ordinary American family, Home Front is a story of love, loss, heroism, honor, and ultimately, hope. Hannah has written a remarkable tale of duty, love, strength, and hope that is at times poignant and always thoroughly captivating and relevant. --Library Journal (starred review)', NULL, NULL, NULL, NULL, NULL, NULL, 37, NULL, NULL),
(7, 'The Good Girl by Mary Kubica
        Jenny Dawson moved to Nashville to write music, not get famous. But when her latest record goes double platinum, Jenny''s suddenly one of the town''s biggest stars-and the center of a tabloid scandal connecting her with a pop star she''s barely even met. With paparazzi tracking her every move, Jenny flees to a remote mansion in Louisiana to write her next album. The only hiccup is the unexpected presence of a brooding young caretaker named Noah, whose foul mouth and snap judgments lead to constant bickering-and serious heat. Noah really should tell Jenny that he''s Preston Noah Maxwell Walcott, the owner of the estate where the feisty country singer has made her spoiled self at home. But the charade gives Noah a much-needed break from his own troubles, and before long, their verbal sparring is indistinguishable from foreplay. But as sizzling nights give way to quiet pillow talk, Noah begins to realize that Jenny''s almost as complicated as he is. To fit into each other''s lives, they''ll need the courage to face their problems together before the outside world catches up to them. Contains mature themes.', NULL, NULL, NULL, NULL, NULL, NULL, 2, NULL, NULL)
ON CONFLICT (id) DO NOTHING;

-- Update sequences to avoid ID conflicts
SELECT setval('navigation_id_seq', (SELECT MAX(id) FROM navigation));
SELECT setval('category_id_seq', (SELECT MAX(id) FROM category));
SELECT setval('product_id_seq', (SELECT MAX(id) FROM product));
SELECT setval('product_detail_id_seq', (SELECT MAX(id) FROM product_detail));

-- Re-enable triggers and constraints
SET session_replication_role = 'origin';

-- Verify import
SELECT 'Navigation' as table_name, COUNT(*) as count FROM navigation
UNION ALL
SELECT 'Category', COUNT(*) FROM category
UNION ALL
SELECT 'Product', COUNT(*) FROM product
UNION ALL
SELECT 'Product Detail', COUNT(*) FROM product_detail;
